16,Taxi,NA,2124
16,Trans,NA,2125
16,Trans,NA,2275
16,Trans,NA,2364
16,Trans,NA,2373
16,Trans,NA,2374
16,Trans,NA,2386
16,Trans,NA,2401
16,Trans,NA,2414
16,Trans,NA,2413
16,Trans,NA,2432
16,Trans,NA,2447
16,Trans,NA,2471
16,Trans,NA,2514
16,Trans,NA,2546
16,Trans,NA,2547
16,Trans,NA,2577
16,Trans,NA,2705
16,Trans,NA,2806
16,Trans,NA,2835
16,Trans,NA,3002
16,Trans,NA,3314
16,Trans,NA,3385
16,Trans,NA,3491
16,Trans,NA,3640
16,Trans,NA,3804
16,Trans,NA,4025
16,Trans,NA,4024
16,Trans,NA,3930
16,Trans,NA,3929
16,Trans,NA,3922
16,Start,2,3922
16,Trans,NA,3929
16,Trans,NA,3930
16,Trans,NA,4024
16,Trans,NA,4025
16,Trans,NA,3804
16,Trans,NA,3640
16,Trans,NA,3491
16,Trans,NA,3385
16,Trans,NA,3314
16,Trans,NA,3002
16,Trans,NA,2835
16,Trans,NA,2806
16,Trans,NA,2705
16,Trans,NA,2577
16,Trans,NA,2547
16,Trans,NA,2546
16,Trans,NA,2514
16,Trans,NA,2471
16,Trans,NA,2447
16,Trans,NA,2432
16,Trans,NA,2413
16,Trans,NA,2414
16,Trans,NA,2401
16,Trans,NA,2386
16,Trans,NA,2374
16,Trans,NA,2373
16,Trans,NA,2364
16,Trans,NA,2275
16,Trans,NA,2429
16,Trans,NA,2478
16,Trans,NA,2635
16,Trans,NA,2802
16,Trans,NA,2803
16,Trans,NA,2961
16,Trans,NA,3124
16,Trans,NA,3249
16,Trans,NA,3250
16,Trans,NA,3382
16,Trans,NA,3458
16,Trans,NA,3613
16,Trans,NA,3706
16,Trans,NA,3796
16,Trans,NA,3860
16,Trans,NA,3905
16,Trans,NA,3939
16,Trans,NA,4000
16,Trans,NA,4113
16,Trans,NA,4547
16,Trans,NA,4885
16,Trans,NA,4886
16,Trans,NA,4701
16,Trans,NA,4596
16,Trans,NA,4630
16,Trans,NA,4631
16,Trans,NA,4795
16,Trans,NA,4905
16,Trans,NA,4961
16,Trans,NA,4962
16,Trans,NA,4991
16,Trans,NA,5008
16,End,NA,5007
17,Taxi,NA,697
17,Trans,NA,844
17,Trans,NA,1321
17,Trans,NA,1322
17,Trans,NA,1571
17,Trans,NA,1695
17,Trans,NA,1809
17,Trans,NA,1869
17,Trans,NA,1870
17,Trans,NA,1927
17,Trans,NA,1966
17,Trans,NA,1999
17,Trans,NA,2060
17,Trans,NA,2059
17,Trans,NA,2195
17,Trans,NA,2222
17,Trans,NA,2223
17,Trans,NA,2283
17,Trans,NA,2354
17,Trans,NA,2447
17,Trans,NA,2471
17,Trans,NA,2514
17,Trans,NA,2546
17,Trans,NA,2547
17,Trans,NA,2577
17,Trans,NA,2705
17,Trans,NA,2806
17,Trans,NA,2835
17,Trans,NA,3002
17,Trans,NA,3001
17,Trans,NA,2887
17,Trans,NA,2576
17,Trans,NA,2523
17,Trans,NA,2524
17,Trans,NA,2525
17,Trans,NA,2563
17,Trans,NA,2677
17,Trans,NA,2689
17,Trans,NA,2726
17,Trans,NA,2727
17,Trans,NA,2755
17,Trans,NA,2761
17,Trans,NA,2763
17,Trans,NA,2764
17,Trans,NA,2768
17,Trans,NA,2776
17,Trans,NA,2774
17,Trans,NA,2856
17,Trans,NA,2861
17,Trans,NA,2820
17,Trans,NA,2842
17,Start,6,2842
17,Trans,NA,2820
17,Trans,NA,2861
17,Trans,NA,2856
17,Trans,NA,2774
17,Trans,NA,2776
17,Trans,NA,2768
17,Trans,NA,2764
17,Trans,NA,2763
17,Trans,NA,2761
17,Trans,NA,2755
17,Trans,NA,2727
17,Trans,NA,2726
17,Trans,NA,2689
17,Trans,NA,2677
17,Trans,NA,2563
17,Trans,NA,2525
17,Trans,NA,2524
17,Trans,NA,2523
17,Trans,NA,2576
17,Trans,NA,2887
17,Trans,NA,3001
17,Trans,NA,3314
17,Trans,NA,3385
17,Trans,NA,3491
17,Trans,NA,3640
17,Trans,NA,3804
17,Trans,NA,4025
17,Trans,NA,4155
17,Trans,NA,4173
17,Trans,NA,4235
17,Trans,NA,4362
17,Trans,NA,4538
17,Trans,NA,4947
17,Trans,NA,5152
17,Trans,NA,5347
17,Trans,NA,5348
17,Trans,NA,6048
17,Trans,NA,6268
17,Trans,NA,6480
17,Trans,NA,6624
17,Trans,NA,6625
17,Trans,NA,6984
17,Trans,NA,6958
17,Trans,NA,6953
17,Trans,NA,6896
17,Trans,NA,6949
17,Trans,NA,7028
17,Trans,NA,7027
17,Trans,NA,7161
17,Trans,NA,7299
17,Trans,NA,7298
17,Trans,NA,7422
17,Trans,NA,7417
17,Trans,NA,7702
17,Trans,NA,7861
17,Trans,NA,7886
17,Trans,NA,7887
17,Trans,NA,7917
17,Trans,NA,7941
17,Trans,NA,8020
17,Trans,NA,8037
17,Trans,NA,8036
17,Trans,NA,8054
17,Trans,NA,8079
17,Trans,NA,8080
17,Trans,NA,8587
17,Trans,NA,8585
17,Trans,NA,8628
17,Trans,NA,8627
17,Trans,NA,8657
17,Trans,NA,8655
17,Trans,NA,8756
17,Trans,NA,8754
17,Trans,NA,8800
17,Trans,NA,8863
17,Trans,NA,8913
17,Trans,NA,9011
17,Trans,NA,9022
17,Trans,NA,9021
17,Trans,NA,9004
17,Trans,NA,9051
17,Trans,NA,9049
17,Trans,NA,9211
17,Trans,NA,9240
17,Trans,NA,9241
17,Trans,NA,9277
17,Trans,NA,9301
17,Trans,NA,9336
17,Trans,NA,9343
17,End,NA,9347
10,Taxi,NA,3504
10,Trans,NA,3481
10,Trans,NA,3469
10,Trans,NA,3470
10,Trans,NA,3450
10,Trans,NA,3370
10,Trans,NA,3369
10,Trans,NA,3342
10,Trans,NA,3343
10,Trans,NA,3295
10,Trans,NA,3296
10,Trans,NA,3183
10,Trans,NA,2974
10,Trans,NA,2943
10,Trans,NA,2942
10,Trans,NA,2637
10,Trans,NA,2636
10,Trans,NA,2561
10,Trans,NA,2481
10,Trans,NA,2049
10,Trans,NA,2143
10,Trans,NA,2144
10,Trans,NA,2076
10,Trans,NA,2028
10,Trans,NA,2002
10,Trans,NA,2098
10,Start,7,2098
10,Trans,NA,2002
10,Trans,NA,2028
10,Trans,NA,2076
10,Trans,NA,2144
10,Trans,NA,2143
10,Trans,NA,2049
10,Trans,NA,2481
10,Trans,NA,2561
10,Trans,NA,2636
10,Trans,NA,2637
10,Trans,NA,2942
10,Trans,NA,2943
10,Trans,NA,2974
10,Trans,NA,3146
10,Trans,NA,3216
10,Trans,NA,3379
10,Trans,NA,3378
10,Trans,NA,3821
10,Trans,NA,3960
10,Trans,NA,4070
10,Trans,NA,4185
10,Trans,NA,4323
10,Trans,NA,4322
10,Trans,NA,4704
10,Trans,NA,4730
10,Trans,NA,4844
10,Trans,NA,5148
10,Trans,NA,5316
10,Trans,NA,5527
10,Trans,NA,5600
10,Trans,NA,5601
10,Trans,NA,5695
10,Trans,NA,5709
10,Trans,NA,5756
10,Trans,NA,5817
10,Trans,NA,5818
10,Trans,NA,5908
10,Trans,NA,5909
10,Trans,NA,6026
10,Trans,NA,6118
10,Trans,NA,6152
10,Trans,NA,6154
10,End,NA,6313
4,Taxi,NA,8271
4,Trans,NA,8231
4,Trans,NA,8190
4,Trans,NA,8142
4,Trans,NA,8141
4,Trans,NA,8058
4,Trans,NA,8026
4,Trans,NA,8068
4,Trans,NA,8066
4,Trans,NA,8044
4,Trans,NA,8045
4,Trans,NA,8064
4,Trans,NA,8158
4,Trans,NA,8122
4,Trans,NA,8031
4,Trans,NA,7945
4,Trans,NA,7901
4,Trans,NA,7900
4,Trans,NA,7858
4,Trans,NA,7833
4,Trans,NA,7765
4,Trans,NA,7665
4,Trans,NA,7503
4,Trans,NA,7454
4,Trans,NA,7420
4,Trans,NA,7419
4,Trans,NA,7417
4,Trans,NA,7702
4,Trans,NA,7861
4,Trans,NA,7886
4,Trans,NA,7887
4,Trans,NA,7918
4,Trans,NA,8125
4,Trans,NA,8200
4,Trans,NA,8199
4,Trans,NA,8345
4,Trans,NA,8385
4,Trans,NA,8483
4,Trans,NA,8673
4,Trans,NA,8750
4,Start,7,8750
4,Trans,NA,8673
4,Trans,NA,8483
4,Trans,NA,8385
4,Trans,NA,8345
4,Trans,NA,8199
4,Trans,NA,8200
4,Trans,NA,8125
4,Trans,NA,7918
4,Trans,NA,7887
4,Trans,NA,7886
4,Trans,NA,7861
4,Trans,NA,7702
4,Trans,NA,7417
4,Trans,NA,7422
4,Trans,NA,7298
4,Trans,NA,7299
4,Trans,NA,7161
4,Trans,NA,7027
4,Trans,NA,7028
4,Trans,NA,6949
4,Trans,NA,6896
4,Trans,NA,6953
4,Trans,NA,6958
4,Trans,NA,6984
4,Trans,NA,6625
4,Trans,NA,6624
4,Trans,NA,6480
4,Trans,NA,6268
4,Trans,NA,6048
4,Trans,NA,5348
4,Trans,NA,5347
4,Trans,NA,5152
4,Trans,NA,4947
4,Trans,NA,4538
4,Trans,NA,4362
4,Trans,NA,4235
4,Trans,NA,4173
4,Trans,NA,4155
4,Trans,NA,4025
4,Trans,NA,3804
4,Trans,NA,3640
4,Trans,NA,3491
4,Trans,NA,3385
4,Trans,NA,3314
4,Trans,NA,3002
4,Trans,NA,2835
4,Trans,NA,2806
4,Trans,NA,2705
4,Trans,NA,2577
4,Trans,NA,2547
4,Trans,NA,2546
4,Trans,NA,2514
4,Trans,NA,2471
4,Trans,NA,2447
4,Trans,NA,2354
4,Trans,NA,2283
4,Trans,NA,2223
4,Trans,NA,2222
4,Trans,NA,2195
4,Trans,NA,2059
4,Trans,NA,2060
4,Trans,NA,1999
4,Trans,NA,1966
4,Trans,NA,1927
4,Trans,NA,1870
4,Trans,NA,1869
4,Trans,NA,1809
4,Trans,NA,1695
4,Trans,NA,1571
4,Trans,NA,1403
4,Trans,NA,1509
4,Trans,NA,1499
4,Trans,NA,1504
4,End,NA,1503
1,Taxi,NA,10339
1,Trans,NA,10323
1,Trans,NA,10335
1,Trans,NA,10338
1,Trans,NA,10364
1,Trans,NA,10365
1,Trans,NA,10366
1,Trans,NA,10345
1,Trans,NA,10312
1,Trans,NA,10297
1,Trans,NA,10269
1,Trans,NA,10334
1,Trans,NA,10333
1,Trans,NA,10330
1,Trans,NA,10301
1,Trans,NA,10294
1,Trans,NA,10284
1,Trans,NA,10275
1,Trans,NA,10277
1,Trans,NA,10267
1,Trans,NA,10283
1,Trans,NA,10319
1,Trans,NA,10320
1,Trans,NA,10354
1,Trans,NA,10360
1,Trans,NA,10394
1,Trans,NA,10421
1,Trans,NA,10407
1,Trans,NA,10402
1,Trans,NA,10401
1,Start,12,10389
1,Trans,NA,10390
1,Trans,NA,10314
1,Trans,NA,10292
1,Trans,NA,10293
1,Trans,NA,10258
1,Trans,NA,10191
1,Trans,NA,10190
1,Trans,NA,10188
1,Trans,NA,10057
1,Trans,NA,10058
1,Trans,NA,9957
1,Trans,NA,9937
1,Trans,NA,9758
1,Trans,NA,9697
1,Trans,NA,9696
1,Trans,NA,9598
1,Trans,NA,9569
1,Trans,NA,9407
1,Trans,NA,9308
1,Trans,NA,9363
1,Trans,NA,9413
1,Trans,NA,9411
1,Trans,NA,9094
1,Trans,NA,8584
1,Trans,NA,8587
1,Trans,NA,8080
1,Trans,NA,8079
1,Trans,NA,8054
1,Trans,NA,8036
1,Trans,NA,8037
1,Trans,NA,8020
1,Trans,NA,7941
1,Trans,NA,7917
1,Trans,NA,7887
1,Trans,NA,7886
1,Trans,NA,7861
1,Trans,NA,7702
1,Trans,NA,7417
1,Trans,NA,7422
1,Trans,NA,7298
1,Trans,NA,7299
1,Trans,NA,7161
1,Trans,NA,7027
1,Trans,NA,7028
1,Trans,NA,6949
1,Trans,NA,6896
1,Trans,NA,6953
1,Trans,NA,6958
1,Trans,NA,6984
1,Trans,NA,6625
1,Trans,NA,6624
1,Trans,NA,6480
1,Trans,NA,6268
1,Trans,NA,6048
1,Trans,NA,5348
1,Trans,NA,5347
1,Trans,NA,5152
1,Trans,NA,4947
1,Trans,NA,4449
1,Trans,NA,4448
1,Trans,NA,4413
1,Trans,NA,4409
1,Trans,NA,4425
1,Trans,NA,4428
1,Trans,NA,4452
1,Trans,NA,4455
1,Trans,NA,4463
1,Trans,NA,4479
1,Trans,NA,4498
1,Trans,NA,4536
1,Trans,NA,4576
1,Trans,NA,4864
1,Trans,NA,4865
1,Trans,NA,4890
1,Trans,NA,5079
1,Trans,NA,5112
1,Trans,NA,5195
1,Trans,NA,5196
1,Trans,NA,5087
1,Trans,NA,5086
1,Trans,NA,5078
1,Trans,NA,4938
1,Trans,NA,4797
1,Trans,NA,4745
1,Trans,NA,4746
1,Trans,NA,4700
1,Trans,NA,4474
1,Trans,NA,4475
1,Trans,NA,4426
1,Trans,NA,4304
1,Trans,NA,4303
1,Trans,NA,4276
1,Trans,NA,4178
1,Trans,NA,4104
1,Trans,NA,4103
1,Trans,NA,4057
1,Trans,NA,4133
1,Trans,NA,4153
1,Trans,NA,4177
1,Trans,NA,4201
1,End,NA,4283
3,Taxi,NA,7523
3,Trans,NA,7342
3,Trans,NA,7344
3,Trans,NA,7238
3,Trans,NA,7181
3,Trans,NA,7180
3,Trans,NA,7072
3,Trans,NA,6657
3,Trans,NA,6659
3,Trans,NA,6461
3,Trans,NA,6186
3,Trans,NA,6187
3,Trans,NA,6115
3,Trans,NA,6060
3,Trans,NA,5705
3,Trans,NA,5415
3,Trans,NA,5412
3,Trans,NA,5345
3,Trans,NA,5174
3,Trans,NA,4885
3,Trans,NA,4547
3,Trans,NA,4113
3,Trans,NA,4000
3,Trans,NA,3939
3,Trans,NA,3905
3,Trans,NA,3860
3,Trans,NA,3796
3,Trans,NA,3706
3,Trans,NA,3613
3,Trans,NA,3458
3,Trans,NA,3382
3,Trans,NA,3250
3,Trans,NA,3249
3,Trans,NA,3124
3,Trans,NA,2961
3,Trans,NA,2803
3,Trans,NA,2802
3,Trans,NA,2635
3,Trans,NA,2478
3,Trans,NA,2429
3,Trans,NA,2125
3,Trans,NA,2124
3,Trans,NA,1951
3,Trans,NA,1895
3,Trans,NA,1726
3,Trans,NA,1725
3,Trans,NA,1733
3,Trans,NA,1732
3,Trans,NA,1698
3,Trans,NA,1658
3,Trans,NA,1648
3,Trans,NA,1647
3,Trans,NA,1652
3,Trans,NA,1656
3,Trans,NA,1695
3,Trans,NA,1571
3,Trans,NA,1322
3,Trans,NA,1321
3,Trans,NA,969
3,Trans,NA,970
3,Trans,NA,1132
3,Trans,NA,1160
3,Trans,NA,1161
3,Trans,NA,1169
3,Trans,NA,1193
3,Trans,NA,1202
3,Trans,NA,1224
3,Trans,NA,1223
3,Trans,NA,1256
3,Trans,NA,1325
3,Trans,NA,1462
3,Trans,NA,1460
3,Trans,NA,1539
3,Trans,NA,1581
3,Trans,NA,1663
3,Trans,NA,1799
3,Trans,NA,1850
3,Trans,NA,1887
3,Trans,NA,1901
3,Trans,NA,1900
3,Trans,NA,1917
3,Trans,NA,1994
3,Trans,NA,1995
3,Trans,NA,2071
3,Trans,NA,2179
3,Trans,NA,2205
3,Trans,NA,2241
3,Trans,NA,2290
3,Trans,NA,2236
3,Trans,NA,2253
3,Trans,NA,2254
3,Trans,NA,2326
3,Trans,NA,2328
3,Trans,NA,2306
3,Start,20,2306
3,Trans,NA,2328
3,Trans,NA,2326
3,Trans,NA,2254
3,Trans,NA,2253
3,Trans,NA,2236
3,Trans,NA,2290
3,Trans,NA,2241
3,Trans,NA,2205
3,Trans,NA,2179
3,Trans,NA,2071
3,Trans,NA,1995
3,Trans,NA,1994
3,Trans,NA,1917
3,Trans,NA,1900
3,Trans,NA,1901
3,Trans,NA,1897
3,Trans,NA,1992
3,Trans,NA,1975
3,Trans,NA,1980
3,Trans,NA,1974
3,Trans,NA,1973
3,Trans,NA,1950
3,Trans,NA,2028
3,Trans,NA,2076
3,Trans,NA,2144
3,Trans,NA,2143
3,Trans,NA,2049
3,Trans,NA,2481
3,Trans,NA,2561
3,Trans,NA,2636
3,Trans,NA,2637
3,Trans,NA,2942
3,Trans,NA,2943
3,Trans,NA,2974
3,Trans,NA,3146
3,Trans,NA,3216
3,Trans,NA,3379
3,Trans,NA,3378
3,Trans,NA,3821
3,Trans,NA,3960
3,Trans,NA,4070
3,Trans,NA,4185
3,Trans,NA,4323
3,Trans,NA,4322
3,Trans,NA,4704
3,Trans,NA,4730
3,Trans,NA,4844
3,Trans,NA,5148
3,Trans,NA,5316
3,Trans,NA,5527
3,Trans,NA,5600
3,Trans,NA,5601
3,Trans,NA,5695
3,Trans,NA,5709
3,Trans,NA,5756
3,Trans,NA,5817
3,Trans,NA,5818
3,Trans,NA,5908
3,Trans,NA,6255
3,Trans,NA,6254
3,Trans,NA,6612
3,Trans,NA,7030
3,Trans,NA,6867
3,Trans,NA,6602
3,Trans,NA,6785
3,Trans,NA,6786
3,Trans,NA,6924
3,Trans,NA,6925
3,Trans,NA,6715
3,Trans,NA,6643
3,Trans,NA,6537
3,Trans,NA,6505
3,Trans,NA,6483
3,Trans,NA,6428
3,Trans,NA,6427
3,Trans,NA,6599
3,Trans,NA,6703
3,Trans,NA,6704
3,Trans,NA,6980
3,Trans,NA,6979
3,Trans,NA,7231
3,Trans,NA,7355
3,Trans,NA,7453
3,Trans,NA,7475
3,Trans,NA,7840
3,Trans,NA,7839
3,Trans,NA,7935
3,Trans,NA,7997
3,Trans,NA,8103
3,Trans,NA,8188
3,Trans,NA,8331
3,Trans,NA,8378
3,Trans,NA,8434
3,Trans,NA,8494
3,Trans,NA,8513
3,Trans,NA,8679
3,Trans,NA,8678
3,Trans,NA,8696
3,Trans,NA,8695
3,Trans,NA,8704
3,Trans,NA,8717
3,Trans,NA,8554
3,Trans,NA,8560
3,Trans,NA,8562
3,Trans,NA,8722
3,Trans,NA,8733
3,Trans,NA,8934
3,Trans,NA,8932
3,Trans,NA,8990
3,Trans,NA,9157
3,Trans,NA,9249
3,Trans,NA,9300
3,Trans,NA,9299
3,Trans,NA,9335
3,Trans,NA,9367
3,Trans,NA,9405
3,Trans,NA,9458
3,Trans,NA,9483
3,Trans,NA,9549
3,Trans,NA,9663
3,Trans,NA,9704
3,Trans,NA,9721
3,Trans,NA,9807
3,Trans,NA,9833
3,Trans,NA,9851
3,Trans,NA,9850
3,Trans,NA,9930
3,Trans,NA,9980
3,Trans,NA,9979
3,End,NA,9961
2,Taxi,NA,11017
2,Trans,NA,10998
2,Trans,NA,10951
2,Trans,NA,10996
2,Trans,NA,11010
2,Trans,NA,11041
2,Trans,NA,11042
2,Trans,NA,11021
2,Trans,NA,10995
2,Trans,NA,10964
2,Trans,NA,10930
2,Trans,NA,10928
2,Trans,NA,10904
2,Trans,NA,10809
2,Trans,NA,10804
2,Trans,NA,10793
2,Trans,NA,10717
2,Trans,NA,10716
2,Trans,NA,10656
2,Trans,NA,10583
2,Trans,NA,10484
2,Trans,NA,10399
2,Trans,NA,10371
2,Trans,NA,10370
2,Trans,NA,10325
2,Trans,NA,10067
2,Trans,NA,10068
2,Trans,NA,9902
2,Trans,NA,9837
2,Trans,NA,9802
2,Trans,NA,9607
2,Trans,NA,9606
2,Trans,NA,9575
2,Trans,NA,9494
2,Trans,NA,9322
2,Trans,NA,9142
2,Trans,NA,9141
2,Trans,NA,8862
2,Trans,NA,8732
2,Trans,NA,8594
2,Trans,NA,8377
2,Trans,NA,8139
2,Trans,NA,7980
2,Trans,NA,7746
2,Trans,NA,7469
2,Trans,NA,7165
2,Trans,NA,7164
2,Trans,NA,6548
2,Trans,NA,6061
2,Trans,NA,5876
2,Trans,NA,5491
2,Trans,NA,5275
2,Trans,NA,4885
2,Trans,NA,4547
2,Trans,NA,4113
2,Trans,NA,4000
2,Trans,NA,3939
2,Trans,NA,3905
2,Trans,NA,3860
2,Trans,NA,3796
2,Trans,NA,3706
2,Trans,NA,3613
2,Trans,NA,3458
2,Trans,NA,3382
2,Trans,NA,3250
2,Trans,NA,3249
2,Trans,NA,3124
2,Trans,NA,2961
2,Trans,NA,2803
2,Trans,NA,2802
2,Trans,NA,2635
2,Trans,NA,2478
2,Trans,NA,2429
2,Trans,NA,2125
2,Trans,NA,2124
2,Trans,NA,1951
2,Trans,NA,1895
2,Trans,NA,1726
2,Trans,NA,1725
2,Trans,NA,1733
2,Trans,NA,1732
2,Trans,NA,1698
2,Trans,NA,1697
2,Trans,NA,1684
2,Start,22,1684
2,Trans,NA,1697
2,Trans,NA,1698
2,Trans,NA,1732
2,Trans,NA,1733
2,Trans,NA,1725
2,Trans,NA,1726
2,Trans,NA,1895
2,Trans,NA,1951
2,Trans,NA,2124
2,Trans,NA,2125
2,Trans,NA,2429
2,Trans,NA,2478
2,Trans,NA,2635
2,Trans,NA,2802
2,Trans,NA,2803
2,Trans,NA,2961
2,Trans,NA,3124
2,Trans,NA,3249
2,Trans,NA,3250
2,Trans,NA,3382
2,Trans,NA,3458
2,Trans,NA,3613
2,Trans,NA,3706
2,Trans,NA,3796
2,Trans,NA,3860
2,Trans,NA,3905
2,Trans,NA,3939
2,Trans,NA,4000
2,Trans,NA,4113
2,Trans,NA,4547
2,Trans,NA,4885
2,Trans,NA,5174
2,Trans,NA,5345
2,Trans,NA,5412
2,Trans,NA,5414
2,Trans,NA,5541
2,Trans,NA,5833
2,Trans,NA,5832
2,Trans,NA,5906
2,Trans,NA,5905
2,Trans,NA,6025
2,Trans,NA,6211
2,Trans,NA,6295
2,Trans,NA,6294
2,Trans,NA,6234
2,Trans,NA,6447
2,Trans,NA,6572
2,Trans,NA,6573
2,Trans,NA,6990
2,Trans,NA,7110
2,Trans,NA,7157
2,Trans,NA,7207
2,Trans,NA,7266
2,Trans,NA,7265
2,Trans,NA,7406
2,Trans,NA,7407
2,Trans,NA,7371
2,Trans,NA,7504
2,Trans,NA,7454
2,Trans,NA,7420
2,Trans,NA,7419
2,Trans,NA,7417
2,Trans,NA,7702
2,Trans,NA,7861
2,Trans,NA,7886
2,Trans,NA,7887
2,Trans,NA,7917
2,Trans,NA,7941
2,Trans,NA,8020
2,Trans,NA,8037
2,Trans,NA,8036
2,Trans,NA,8054
2,Trans,NA,8079
2,Trans,NA,8080
2,Trans,NA,8587
2,Trans,NA,8585
2,Trans,NA,8628
2,Trans,NA,8627
2,Trans,NA,8657
2,Trans,NA,8655
2,Trans,NA,8756
2,Trans,NA,8754
2,Trans,NA,8800
2,Trans,NA,8863
2,Trans,NA,8913
2,Trans,NA,9052
2,Trans,NA,9053
2,Trans,NA,9203
2,Trans,NA,9202
2,Trans,NA,9295
2,Trans,NA,9369
2,Trans,NA,9383
2,End,NA,9384
5,Taxi,NA,7825
5,Trans,NA,7846
5,Trans,NA,7879
5,Trans,NA,7878
5,Trans,NA,7868
5,Trans,NA,7772
5,Trans,NA,7672
5,Trans,NA,7636
5,Trans,NA,7515
5,Trans,NA,7516
5,Trans,NA,7483
5,Trans,NA,7242
5,Trans,NA,7241
5,Trans,NA,7078
5,Trans,NA,7077
5,Trans,NA,7125
5,Trans,NA,7191
5,Trans,NA,7232
5,Trans,NA,7231
5,Trans,NA,6979
5,Trans,NA,6980
5,Trans,NA,6704
5,Trans,NA,6703
5,Trans,NA,6599
5,Trans,NA,6427
5,Trans,NA,6428
5,Trans,NA,6483
5,Trans,NA,6505
5,Trans,NA,6537
5,Trans,NA,6643
5,Trans,NA,6715
5,Trans,NA,6925
5,Trans,NA,6924
5,Trans,NA,6786
5,Trans,NA,6785
5,Trans,NA,6602
5,Trans,NA,6867
5,Trans,NA,7030
5,Trans,NA,6612
5,Start,28,6254
5,Trans,NA,6255
5,Trans,NA,5851
5,Trans,NA,5852
5,Trans,NA,5738
5,Trans,NA,5739
5,Trans,NA,5608
5,Trans,NA,5609
5,Trans,NA,5578
5,Trans,NA,5498
5,End,NA,5497
6,Taxi,NA,250
6,Trans,NA,247
6,Trans,NA,268
6,Trans,NA,284
6,Trans,NA,305
6,Trans,NA,319
6,Trans,NA,331
6,Trans,NA,345
6,Trans,NA,358
6,Trans,NA,386
6,Trans,NA,426
6,Trans,NA,450
6,Trans,NA,466
6,Trans,NA,503
6,Trans,NA,520
6,Trans,NA,549
6,Trans,NA,577
6,Trans,NA,618
6,Trans,NA,669
6,Trans,NA,735
6,Trans,NA,778
6,Trans,NA,825
6,Trans,NA,903
6,Trans,NA,949
6,Trans,NA,997
6,Trans,NA,1082
6,Trans,NA,1127
6,Trans,NA,1165
6,Trans,NA,1166
6,Trans,NA,1175
6,Trans,NA,1179
6,Trans,NA,1185
6,Trans,NA,1189
6,Trans,NA,1197
6,Trans,NA,1203
6,Trans,NA,1208
6,Trans,NA,1216
6,Trans,NA,1312
6,Trans,NA,1310
6,Trans,NA,1381
6,Trans,NA,1394
6,Trans,NA,1451
6,Trans,NA,1568
6,Trans,NA,1567
6,Trans,NA,1655
6,Trans,NA,1722
6,Trans,NA,1795
6,Trans,NA,1865
6,Trans,NA,1909
6,Trans,NA,1947
6,Trans,NA,1946
6,Trans,NA,2049
6,Trans,NA,2481
6,Trans,NA,2561
6,Trans,NA,2636
6,Trans,NA,2637
6,Trans,NA,2942
6,Trans,NA,2943
6,Trans,NA,2974
6,Trans,NA,3146
6,Trans,NA,3216
6,Trans,NA,3379
6,Trans,NA,3378
6,Trans,NA,3821
6,Trans,NA,3960
6,Trans,NA,4070
6,Trans,NA,4185
6,Trans,NA,4323
6,Trans,NA,4322
6,Trans,NA,4704
6,Trans,NA,4730
6,Trans,NA,4844
6,Trans,NA,5148
6,Trans,NA,5316
6,Trans,NA,5527
6,Trans,NA,5600
6,Trans,NA,5601
6,Trans,NA,5695
6,Trans,NA,5709
6,Trans,NA,5756
6,Trans,NA,5817
6,Trans,NA,5818
6,Trans,NA,5908
6,Trans,NA,6255
6,Trans,NA,6254
6,Trans,NA,6612
6,Trans,NA,7030
6,Trans,NA,6867
6,Trans,NA,6602
6,Trans,NA,6785
6,Trans,NA,6786
6,Trans,NA,6924
6,Trans,NA,6925
6,Trans,NA,6715
6,Trans,NA,6643
6,Trans,NA,6537
6,Trans,NA,6505
6,Trans,NA,6483
6,Trans,NA,6428
6,Trans,NA,6427
6,Trans,NA,6599
6,Trans,NA,6703
6,Trans,NA,6704
6,Trans,NA,6980
6,Trans,NA,6979
6,Trans,NA,7231
6,Trans,NA,7355
6,Trans,NA,7453
6,Trans,NA,7475
6,Trans,NA,7840
6,Trans,NA,7839
6,Trans,NA,7935
6,Trans,NA,7997
6,Trans,NA,8103
6,Trans,NA,8188
6,Trans,NA,8331
6,Trans,NA,8378
6,Trans,NA,8434
6,Trans,NA,8494
6,Trans,NA,8513
6,Trans,NA,8679
6,Trans,NA,8678
6,Trans,NA,8696
6,Trans,NA,8695
6,Trans,NA,8704
6,Trans,NA,8717
6,Trans,NA,8554
6,Trans,NA,8560
6,Trans,NA,8562
6,Trans,NA,8722
6,Trans,NA,8733
6,Trans,NA,8934
6,Trans,NA,8932
6,Trans,NA,8990
6,Trans,NA,9157
6,Trans,NA,9249
6,Trans,NA,9300
6,Trans,NA,9299
6,Trans,NA,9335
6,Trans,NA,9366
6,Trans,NA,9379
6,Trans,NA,9437
6,Trans,NA,9447
6,Trans,NA,9538
6,Trans,NA,9557
6,Trans,NA,9653
6,Trans,NA,9750
6,Trans,NA,9898
6,Trans,NA,9897
6,Trans,NA,10013
6,Trans,NA,10059
6,Trans,NA,10127
6,Trans,NA,10126
6,Trans,NA,10099
6,Trans,NA,10071
6,Trans,NA,10063
6,Trans,NA,10055
6,Trans,NA,10082
6,Trans,NA,10083
6,Start,31,10083
6,Trans,NA,10082
6,Trans,NA,10055
6,Trans,NA,10063
6,Trans,NA,10071
6,Trans,NA,10099
6,Trans,NA,10126
6,Trans,NA,10127
6,Trans,NA,10059
6,Trans,NA,10013
6,Trans,NA,9897
6,Trans,NA,9898
6,Trans,NA,9750
6,Trans,NA,9653
6,Trans,NA,9557
6,Trans,NA,9538
6,Trans,NA,9447
6,Trans,NA,9437
6,Trans,NA,9379
6,Trans,NA,9366
6,Trans,NA,9335
6,Trans,NA,9299
6,Trans,NA,9300
6,Trans,NA,9249
6,Trans,NA,9157
6,Trans,NA,8990
6,Trans,NA,8932
6,Trans,NA,8934
6,Trans,NA,8733
6,Trans,NA,8722
6,Trans,NA,8562
6,Trans,NA,8560
6,Trans,NA,8554
6,Trans,NA,8717
6,Trans,NA,8704
6,Trans,NA,8695
6,Trans,NA,8696
6,Trans,NA,8678
6,Trans,NA,8679
6,Trans,NA,8513
6,Trans,NA,8494
6,Trans,NA,8434
6,Trans,NA,8378
6,Trans,NA,8331
6,Trans,NA,8188
6,Trans,NA,8103
6,Trans,NA,7997
6,Trans,NA,7935
6,Trans,NA,7839
6,Trans,NA,7840
6,Trans,NA,7475
6,Trans,NA,7453
6,Trans,NA,7355
6,Trans,NA,7231
6,Trans,NA,6979
6,Trans,NA,6980
6,Trans,NA,6704
6,Trans,NA,6703
6,Trans,NA,6599
6,Trans,NA,6427
6,Trans,NA,6426
6,Trans,NA,6222
6,Trans,NA,6223
6,Trans,NA,6122
6,Trans,NA,6093
6,Trans,NA,6032
6,Trans,NA,5963
6,Trans,NA,5915
6,Trans,NA,5874
6,Trans,NA,5840
6,Trans,NA,5839
6,Trans,NA,5769
6,Trans,NA,5713
6,Trans,NA,5678
6,Trans,NA,5605
6,Trans,NA,5467
6,Trans,NA,5484
6,Trans,NA,5379
6,Trans,NA,5378
6,Trans,NA,5210
6,Trans,NA,5095
6,Trans,NA,4975
6,Trans,NA,4879
6,Trans,NA,4894
6,Trans,NA,4893
6,Trans,NA,4851
6,Trans,NA,4834
6,Trans,NA,4833
6,Trans,NA,4732
6,Trans,NA,4731
6,Trans,NA,4720
6,Trans,NA,4706
6,Trans,NA,4640
6,Trans,NA,4431
6,Trans,NA,4379
6,Trans,NA,4439
6,Trans,NA,4476
6,Trans,NA,4539
6,Trans,NA,4540
6,End,NA,4614
4,Taxi,NA,1503
4,Trans,NA,1504
4,Trans,NA,1499
4,Trans,NA,1509
4,Trans,NA,1403
4,Trans,NA,1322
4,Trans,NA,1321
4,Trans,NA,844
4,Trans,NA,643
4,Trans,NA,644
4,Trans,NA,617
4,Trans,NA,609
4,Trans,NA,637
4,Trans,NA,638
4,Trans,NA,645
4,Trans,NA,653
4,Trans,NA,686
4,Trans,NA,693
4,Trans,NA,694
4,Trans,NA,699
4,Trans,NA,711
4,Trans,NA,715
4,Trans,NA,733
4,Trans,NA,748
4,Trans,NA,758
4,Trans,NA,763
4,Trans,NA,744
4,Trans,NA,743
4,Trans,NA,764
4,Trans,NA,804
4,Trans,NA,805
4,Trans,NA,818
4,Trans,NA,840
4,Trans,NA,839
4,Trans,NA,858
4,Trans,NA,857
4,Trans,NA,852
4,Trans,NA,853
4,Trans,NA,887
4,Start,32,887
4,Trans,NA,853
4,Trans,NA,852
4,Trans,NA,857
4,Trans,NA,858
4,Trans,NA,839
4,Trans,NA,840
4,Trans,NA,818
4,Trans,NA,805
4,Trans,NA,804
4,Trans,NA,764
4,Trans,NA,743
4,Trans,NA,744
4,Trans,NA,763
4,Trans,NA,758
4,Trans,NA,748
4,Trans,NA,733
4,Trans,NA,715
4,Trans,NA,711
4,Trans,NA,699
4,Trans,NA,694
4,Trans,NA,693
4,Trans,NA,686
4,Trans,NA,653
4,Trans,NA,645
4,Trans,NA,638
4,Trans,NA,637
4,Trans,NA,609
4,Trans,NA,617
4,Trans,NA,644
4,Trans,NA,643
4,Trans,NA,844
4,Trans,NA,1321
4,Trans,NA,1322
4,Trans,NA,1571
4,Trans,NA,1695
4,Trans,NA,1809
4,Trans,NA,1869
4,Trans,NA,1870
4,Trans,NA,1927
4,Trans,NA,1966
4,Trans,NA,1999
4,Trans,NA,2060
4,Trans,NA,2059
4,Trans,NA,2195
4,Trans,NA,2222
4,Trans,NA,2223
4,Trans,NA,2283
4,Trans,NA,2354
4,Trans,NA,2447
4,Trans,NA,2471
4,Trans,NA,2514
4,Trans,NA,2546
4,Trans,NA,2547
4,Trans,NA,2577
4,Trans,NA,2705
4,Trans,NA,2806
4,Trans,NA,2835
4,Trans,NA,3002
4,Trans,NA,3314
4,Trans,NA,3385
4,Trans,NA,3491
4,Trans,NA,3640
4,Trans,NA,3804
4,Trans,NA,4025
4,Trans,NA,4155
4,Trans,NA,4173
4,Trans,NA,4235
4,Trans,NA,4362
4,Trans,NA,4538
4,Trans,NA,4947
4,Trans,NA,5152
4,Trans,NA,5347
4,Trans,NA,5348
4,Trans,NA,6048
4,Trans,NA,6268
4,Trans,NA,6480
4,Trans,NA,6624
4,Trans,NA,6625
4,Trans,NA,6984
4,Trans,NA,6958
4,Trans,NA,6953
4,Trans,NA,6896
4,Trans,NA,6949
4,Trans,NA,7028
4,Trans,NA,7027
4,Trans,NA,7161
4,Trans,NA,7299
4,Trans,NA,7298
4,Trans,NA,7422
4,Trans,NA,7417
4,Trans,NA,7702
4,Trans,NA,7861
4,Trans,NA,7886
4,Trans,NA,7887
4,Trans,NA,7917
4,Trans,NA,7941
4,Trans,NA,8020
4,Trans,NA,8037
4,Trans,NA,8036
4,Trans,NA,8054
4,Trans,NA,8079
4,Trans,NA,8080
4,Trans,NA,8587
4,Trans,NA,8585
4,Trans,NA,8628
4,Trans,NA,8627
4,Trans,NA,8657
4,Trans,NA,8655
4,Trans,NA,8756
4,Trans,NA,8754
4,Trans,NA,8800
4,Trans,NA,8863
4,Trans,NA,8913
4,Trans,NA,9052
4,Trans,NA,9053
4,Trans,NA,9203
4,Trans,NA,9202
4,Trans,NA,9295
4,Trans,NA,9377
4,Trans,NA,9403
4,Trans,NA,9426
4,Trans,NA,9425
4,Trans,NA,9432
4,Trans,NA,9441
4,Trans,NA,9472
4,Trans,NA,9505
4,Trans,NA,9503
4,Trans,NA,9548
4,Trans,NA,9663
4,Trans,NA,9704
4,Trans,NA,9721
4,Trans,NA,9807
4,End,NA,9833
7,Taxi,NA,10770
7,Trans,NA,10779
7,Trans,NA,10679
7,Trans,NA,10522
7,Trans,NA,10447
7,Trans,NA,10411
7,Trans,NA,10410
7,Trans,NA,10409
7,Trans,NA,10487
7,Trans,NA,10486
7,Trans,NA,10523
7,Trans,NA,10324
7,Trans,NA,10296
7,Trans,NA,10245
7,Trans,NA,10246
7,Trans,NA,10166
7,Trans,NA,10090
7,Trans,NA,9699
7,Trans,NA,9607
7,Trans,NA,9606
7,Trans,NA,9575
7,Trans,NA,9494
7,Trans,NA,9322
7,Trans,NA,9142
7,Trans,NA,9141
7,Trans,NA,8862
7,Trans,NA,8732
7,Trans,NA,8594
7,Trans,NA,8377
7,Trans,NA,8139
7,Trans,NA,7980
7,Trans,NA,7746
7,Trans,NA,7469
7,Trans,NA,7165
7,Trans,NA,7164
7,Trans,NA,6548
7,Trans,NA,6061
7,Trans,NA,5876
7,Trans,NA,5491
7,Trans,NA,5275
7,Trans,NA,4885
7,Trans,NA,4547
7,Trans,NA,4113
7,Trans,NA,4000
7,Trans,NA,3939
7,Trans,NA,3905
7,Trans,NA,3860
7,Trans,NA,3796
7,Trans,NA,3706
7,Trans,NA,3613
7,Trans,NA,3458
7,Trans,NA,3382
7,Trans,NA,3250
7,Trans,NA,3249
7,Trans,NA,3124
7,Trans,NA,2961
7,Trans,NA,2803
7,Trans,NA,2802
7,Trans,NA,2635
7,Trans,NA,2478
7,Trans,NA,2429
7,Trans,NA,2125
7,Trans,NA,2124
7,Trans,NA,1951
7,Trans,NA,1895
7,Trans,NA,1726
7,Trans,NA,1725
7,Trans,NA,1733
7,Trans,NA,1732
7,Trans,NA,1698
7,Trans,NA,1658
7,Trans,NA,1648
7,Trans,NA,1647
7,Trans,NA,1652
7,Trans,NA,1656
7,Trans,NA,1695
7,Trans,NA,1571
7,Trans,NA,1322
7,Trans,NA,1321
7,Trans,NA,844
7,Trans,NA,696
7,Trans,NA,785
7,Trans,NA,843
7,Trans,NA,841
7,Trans,NA,916
7,Trans,NA,917
7,Trans,NA,929
7,Trans,NA,1029
7,Trans,NA,1039
7,Trans,NA,1059
7,Trans,NA,1060
7,Trans,NA,1107
7,Trans,NA,1112
7,Start,33,1119
7,Trans,NA,1117
7,Trans,NA,1131
7,Trans,NA,1136
7,Trans,NA,1144
7,Trans,NA,1143
7,Trans,NA,1153
7,Trans,NA,1164
7,Trans,NA,1166
7,Trans,NA,1175
7,Trans,NA,1179
7,Trans,NA,1185
7,Trans,NA,1189
7,Trans,NA,1197
7,Trans,NA,1203
7,Trans,NA,1208
7,Trans,NA,1216
7,Trans,NA,1312
7,Trans,NA,1310
7,Trans,NA,1381
7,Trans,NA,1394
7,Trans,NA,1451
7,Trans,NA,1568
7,Trans,NA,1567
7,Trans,NA,1655
7,Trans,NA,1722
7,Trans,NA,1795
7,Trans,NA,1865
7,Trans,NA,1909
7,Trans,NA,1947
7,Trans,NA,1946
7,Trans,NA,2049
7,Trans,NA,2481
7,Trans,NA,2561
7,Trans,NA,2636
7,Trans,NA,2637
7,Trans,NA,2942
7,Trans,NA,2943
7,Trans,NA,2974
7,Trans,NA,3146
7,Trans,NA,3216
7,Trans,NA,3379
7,Trans,NA,3378
7,Trans,NA,3821
7,Trans,NA,3960
7,Trans,NA,4070
7,Trans,NA,4185
7,Trans,NA,4323
7,Trans,NA,4322
7,Trans,NA,4704
7,Trans,NA,4730
7,Trans,NA,4844
7,Trans,NA,5148
7,Trans,NA,5316
7,Trans,NA,5527
7,Trans,NA,5600
7,Trans,NA,5601
7,Trans,NA,5695
7,Trans,NA,5709
7,Trans,NA,5756
7,Trans,NA,5817
7,Trans,NA,5818
7,Trans,NA,5908
7,Trans,NA,6255
7,Trans,NA,6254
7,Trans,NA,6612
7,Trans,NA,7030
7,Trans,NA,6867
7,Trans,NA,6602
7,Trans,NA,6785
7,Trans,NA,6786
7,Trans,NA,6924
7,Trans,NA,6925
7,Trans,NA,6715
7,Trans,NA,6643
7,Trans,NA,6537
7,Trans,NA,6505
7,Trans,NA,6483
7,Trans,NA,6428
7,Trans,NA,6427
7,Trans,NA,6599
7,Trans,NA,6703
7,Trans,NA,6704
7,Trans,NA,6980
7,Trans,NA,6979
7,Trans,NA,7231
7,Trans,NA,7355
7,Trans,NA,7453
7,Trans,NA,7475
7,Trans,NA,7840
7,Trans,NA,7839
7,Trans,NA,7935
7,Trans,NA,7997
7,Trans,NA,8103
7,Trans,NA,8188
7,Trans,NA,8331
7,Trans,NA,8378
7,Trans,NA,8434
7,Trans,NA,8494
7,Trans,NA,8513
7,Trans,NA,8679
7,Trans,NA,8678
7,Trans,NA,8696
7,Trans,NA,8695
7,Trans,NA,8704
7,Trans,NA,8717
7,Trans,NA,8554
7,Trans,NA,8555
7,Trans,NA,8450
7,Trans,NA,8449
7,Trans,NA,8437
7,Trans,NA,8429
7,Trans,NA,8318
7,Trans,NA,8315
7,Trans,NA,8311
7,Trans,NA,8312
7,Trans,NA,8309
7,End,NA,7704
1,Taxi,NA,4283
1,Trans,NA,4201
1,Trans,NA,4177
1,Trans,NA,4153
1,Trans,NA,4133
1,Trans,NA,4057
1,Trans,NA,4103
1,Trans,NA,4104
1,Trans,NA,4114
1,Trans,NA,4045
1,Trans,NA,3999
1,Trans,NA,3951
1,Trans,NA,3624
1,Trans,NA,3623
1,Trans,NA,3550
1,Trans,NA,3436
1,Trans,NA,3342
1,Trans,NA,3343
1,Trans,NA,3295
1,Trans,NA,3296
1,Trans,NA,3183
1,Trans,NA,2974
1,Trans,NA,2943
1,Trans,NA,2942
1,Trans,NA,2637
1,Trans,NA,2636
1,Trans,NA,2561
1,Trans,NA,2481
1,Trans,NA,2049
1,Trans,NA,1946
1,Trans,NA,1947
1,Trans,NA,1909
1,Trans,NA,1865
1,Trans,NA,1795
1,Trans,NA,1722
1,Trans,NA,1655
1,Trans,NA,1567
1,Trans,NA,1568
1,Trans,NA,1451
1,Trans,NA,1394
1,Trans,NA,1381
1,Trans,NA,1310
1,Trans,NA,1312
1,Trans,NA,1216
1,Trans,NA,1208
1,Trans,NA,1203
1,Trans,NA,1197
1,Trans,NA,1189
1,Trans,NA,1188
1,Start,38,1188
1,Trans,NA,1185
1,Trans,NA,1179
1,Trans,NA,1175
1,Trans,NA,1166
1,Trans,NA,1164
1,Trans,NA,1153
1,Trans,NA,1143
1,Trans,NA,1144
1,Trans,NA,1136
1,Trans,NA,1099
1,Trans,NA,1092
1,Trans,NA,1091
1,Trans,NA,1057
1,Trans,NA,1039
1,Trans,NA,1029
1,Trans,NA,929
1,Trans,NA,917
1,Trans,NA,916
1,Trans,NA,841
1,Trans,NA,843
1,Trans,NA,785
1,Trans,NA,696
1,Trans,NA,844
1,Trans,NA,1321
1,Trans,NA,1322
1,Trans,NA,1571
1,Trans,NA,1695
1,Trans,NA,1656
1,Trans,NA,1652
1,Trans,NA,1647
1,Trans,NA,1648
1,Trans,NA,1658
1,Trans,NA,1698
1,Trans,NA,1732
1,Trans,NA,1733
1,Trans,NA,1725
1,Trans,NA,1726
1,Trans,NA,1895
1,Trans,NA,1951
1,Trans,NA,2124
1,Trans,NA,2125
1,Trans,NA,2429
1,Trans,NA,2478
1,Trans,NA,2635
1,Trans,NA,2802
1,Trans,NA,2803
1,Trans,NA,2961
1,Trans,NA,3124
1,Trans,NA,3249
1,Trans,NA,3250
1,Trans,NA,3382
1,Trans,NA,3458
1,Trans,NA,3613
1,Trans,NA,3706
1,Trans,NA,3796
1,Trans,NA,3860
1,Trans,NA,3905
1,Trans,NA,3939
1,Trans,NA,4000
1,Trans,NA,4113
1,Trans,NA,4547
1,Trans,NA,4885
1,Trans,NA,5275
1,Trans,NA,5491
1,Trans,NA,5876
1,Trans,NA,6061
1,Trans,NA,6548
1,Trans,NA,7164
1,Trans,NA,7165
1,Trans,NA,7469
1,Trans,NA,7746
1,Trans,NA,7980
1,Trans,NA,8139
1,Trans,NA,8377
1,Trans,NA,8594
1,Trans,NA,8732
1,Trans,NA,8862
1,Trans,NA,9141
1,Trans,NA,9142
1,Trans,NA,9322
1,Trans,NA,9494
1,Trans,NA,9575
1,Trans,NA,9606
1,Trans,NA,9607
1,Trans,NA,9699
1,Trans,NA,10090
1,Trans,NA,10166
1,Trans,NA,10246
1,Trans,NA,10245
1,Trans,NA,10296
1,Trans,NA,10324
1,Trans,NA,10523
1,Trans,NA,10486
1,Trans,NA,10487
1,Trans,NA,10409
1,Trans,NA,10410
1,Trans,NA,10411
1,Trans,NA,10447
1,Trans,NA,10522
1,Trans,NA,10679
1,End,NA,10779
5,Taxi,NA,5431
5,Trans,NA,5430
5,Trans,NA,5391
5,Trans,NA,5316
5,Trans,NA,5148
5,Trans,NA,4844
5,Trans,NA,4730
5,Trans,NA,4704
5,Trans,NA,4322
5,Trans,NA,4323
5,Trans,NA,4185
5,Trans,NA,4070
5,Trans,NA,3960
5,Trans,NA,3821
5,Trans,NA,3378
5,Trans,NA,3379
5,Trans,NA,3216
5,Trans,NA,3146
5,Trans,NA,2974
5,Trans,NA,2943
5,Trans,NA,2942
5,Trans,NA,2637
5,Trans,NA,2636
5,Trans,NA,2561
5,Trans,NA,2481
5,Trans,NA,2049
5,Trans,NA,2143
5,Trans,NA,2145
5,Trans,NA,2177
5,Trans,NA,2278
5,Trans,NA,2277
5,Trans,NA,2252
5,Trans,NA,2256
5,Trans,NA,2311
5,Trans,NA,2312
5,Trans,NA,2458
5,Trans,NA,2463
5,Trans,NA,2465
5,Trans,NA,2489
5,Trans,NA,2455
5,Trans,NA,2484
5,Trans,NA,2523
5,Trans,NA,2576
5,Trans,NA,2887
5,Trans,NA,3001
5,Trans,NA,3002
5,Trans,NA,2835
5,Trans,NA,2806
5,Trans,NA,2705
5,Trans,NA,2577
5,Trans,NA,2547
5,Trans,NA,2546
5,Trans,NA,2514
5,Trans,NA,2471
5,Trans,NA,2447
5,Trans,NA,2354
5,Trans,NA,2283
5,Trans,NA,2229
5,Trans,NA,2284
5,Trans,NA,2285
5,Trans,NA,2351
5,Start,40,2351
5,Trans,NA,2285
5,Trans,NA,2284
5,Trans,NA,2229
5,Trans,NA,2283
5,Trans,NA,2354
5,Trans,NA,2432
5,Trans,NA,2413
5,Trans,NA,2414
5,Trans,NA,2401
5,Trans,NA,2386
5,Trans,NA,2374
5,Trans,NA,2373
5,Trans,NA,2364
5,Trans,NA,2275
5,Trans,NA,2429
5,Trans,NA,2478
5,Trans,NA,2635
5,Trans,NA,2802
5,Trans,NA,2803
5,Trans,NA,2961
5,Trans,NA,3124
5,Trans,NA,3249
5,Trans,NA,3250
5,Trans,NA,3382
5,Trans,NA,3458
5,Trans,NA,3613
5,Trans,NA,3706
5,Trans,NA,3796
5,Trans,NA,3860
5,Trans,NA,3905
5,Trans,NA,3939
5,Trans,NA,4000
5,Trans,NA,4113
5,Trans,NA,4547
5,Trans,NA,4885
5,Trans,NA,5174
5,Trans,NA,5345
5,Trans,NA,5412
5,Trans,NA,5413
5,Trans,NA,5355
5,Trans,NA,5298
5,Trans,NA,5247
5,Trans,NA,5228
5,Trans,NA,5217
5,Trans,NA,5181
5,Trans,NA,5117
5,Trans,NA,5116
5,End,NA,5042
8,Taxi,NA,9332
8,Trans,NA,9182
8,Trans,NA,9183
8,Trans,NA,8959
8,Trans,NA,8908
8,Trans,NA,8862
8,Trans,NA,8732
8,Trans,NA,8594
8,Trans,NA,8377
8,Trans,NA,8139
8,Trans,NA,7980
8,Trans,NA,7746
8,Trans,NA,7469
8,Trans,NA,7165
8,Trans,NA,7164
8,Trans,NA,6548
8,Trans,NA,6061
8,Trans,NA,5876
8,Trans,NA,5491
8,Trans,NA,5275
8,Trans,NA,4885
8,Trans,NA,4547
8,Trans,NA,4113
8,Trans,NA,4000
8,Trans,NA,3939
8,Trans,NA,3905
8,Trans,NA,3860
8,Trans,NA,3796
8,Trans,NA,3706
8,Trans,NA,3613
8,Trans,NA,3458
8,Trans,NA,3382
8,Trans,NA,3250
8,Trans,NA,3249
8,Trans,NA,3124
8,Trans,NA,2961
8,Trans,NA,2803
8,Trans,NA,2802
8,Trans,NA,2635
8,Trans,NA,2478
8,Trans,NA,2429
8,Trans,NA,2125
8,Trans,NA,2124
8,Trans,NA,1951
8,Trans,NA,1895
8,Trans,NA,1726
8,Trans,NA,1725
8,Trans,NA,1733
8,Trans,NA,1732
8,Trans,NA,1698
8,Trans,NA,1658
8,Trans,NA,1648
8,Trans,NA,1647
8,Trans,NA,1652
8,Trans,NA,1656
8,Trans,NA,1695
8,Trans,NA,1571
8,Trans,NA,1322
8,Trans,NA,1321
8,Trans,NA,844
8,Trans,NA,696
8,Trans,NA,785
8,Trans,NA,843
8,Trans,NA,841
8,Trans,NA,916
8,Trans,NA,917
8,Trans,NA,929
8,Trans,NA,1029
8,Trans,NA,1039
8,Trans,NA,1057
8,Trans,NA,1056
8,Trans,NA,1054
8,Trans,NA,1045
8,Trans,NA,1044
8,Trans,NA,1048
8,Trans,NA,1052
8,Trans,NA,1080
8,Trans,NA,1081
8,Trans,NA,1094
8,Trans,NA,1077
8,Trans,NA,996
8,Trans,NA,976
8,Trans,NA,956
8,Trans,NA,943
8,Trans,NA,919
8,Trans,NA,891
8,Trans,NA,812
8,Start,43,812
8,Trans,NA,891
8,Trans,NA,919
8,Trans,NA,943
8,Trans,NA,956
8,Trans,NA,976
8,Trans,NA,996
8,Trans,NA,1077
8,Trans,NA,1094
8,Trans,NA,1081
8,Trans,NA,1080
8,Trans,NA,1084
8,Trans,NA,1116
8,Trans,NA,1153
8,Trans,NA,1164
8,Trans,NA,1166
8,Trans,NA,1175
8,Trans,NA,1179
8,Trans,NA,1185
8,Trans,NA,1189
8,Trans,NA,1197
8,Trans,NA,1203
8,Trans,NA,1208
8,Trans,NA,1216
8,Trans,NA,1312
8,Trans,NA,1310
8,Trans,NA,1381
8,Trans,NA,1394
8,Trans,NA,1451
8,Trans,NA,1568
8,Trans,NA,1567
8,Trans,NA,1655
8,Trans,NA,1722
8,Trans,NA,1795
8,Trans,NA,1865
8,Trans,NA,1909
8,Trans,NA,1947
8,Trans,NA,1946
8,Trans,NA,2049
8,Trans,NA,2481
8,Trans,NA,2561
8,Trans,NA,2636
8,Trans,NA,2637
8,Trans,NA,2942
8,Trans,NA,2943
8,Trans,NA,2974
8,Trans,NA,3146
8,Trans,NA,3216
8,Trans,NA,3379
8,Trans,NA,3378
8,Trans,NA,3821
8,Trans,NA,3960
8,Trans,NA,4070
8,Trans,NA,4185
8,Trans,NA,4323
8,Trans,NA,4324
8,Trans,NA,4326
8,Trans,NA,4375
8,Trans,NA,4374
8,Trans,NA,4402
8,Trans,NA,4552
8,Trans,NA,4650
8,Trans,NA,4651
8,Trans,NA,4896
8,Trans,NA,4895
8,Trans,NA,4879
8,Trans,NA,4894
8,Trans,NA,4893
8,Trans,NA,4851
8,Trans,NA,4834
8,Trans,NA,4833
8,Trans,NA,4732
8,Trans,NA,4731
8,Trans,NA,4720
8,Trans,NA,4708
8,Trans,NA,4852
8,Trans,NA,4916
8,Trans,NA,4969
8,Trans,NA,5032
8,Trans,NA,5123
8,Trans,NA,5163
8,Trans,NA,5185
8,Trans,NA,5204
8,End,NA,5234
9,Taxi,NA,10029
9,Trans,NA,10078
9,Trans,NA,10077
9,Trans,NA,9992
9,Trans,NA,9947
9,Trans,NA,9758
9,Trans,NA,9697
9,Trans,NA,9696
9,Trans,NA,9598
9,Trans,NA,9569
9,Trans,NA,9407
9,Trans,NA,9308
9,Trans,NA,9363
9,Trans,NA,9413
9,Trans,NA,9411
9,Trans,NA,9094
9,Trans,NA,8584
9,Trans,NA,8587
9,Trans,NA,8080
9,Trans,NA,8079
9,Trans,NA,8054
9,Trans,NA,8036
9,Trans,NA,8037
9,Trans,NA,8020
9,Trans,NA,7941
9,Trans,NA,7917
9,Trans,NA,7887
9,Trans,NA,7886
9,Trans,NA,7861
9,Trans,NA,7702
9,Trans,NA,7417
9,Trans,NA,7422
9,Trans,NA,7298
9,Trans,NA,7299
9,Trans,NA,7161
9,Trans,NA,7027
9,Trans,NA,7028
9,Trans,NA,6949
9,Trans,NA,6896
9,Trans,NA,6953
9,Trans,NA,6958
9,Trans,NA,6984
9,Trans,NA,6625
9,Trans,NA,6624
9,Trans,NA,6480
9,Trans,NA,6268
9,Trans,NA,6048
9,Trans,NA,5348
9,Trans,NA,5347
9,Trans,NA,5152
9,Trans,NA,4947
9,Trans,NA,4449
9,Trans,NA,4448
9,Trans,NA,4413
9,Trans,NA,4409
9,Trans,NA,4425
9,Trans,NA,4428
9,Trans,NA,4452
9,Trans,NA,4455
9,Trans,NA,4463
9,Trans,NA,4479
9,Trans,NA,4498
9,Trans,NA,4536
9,Trans,NA,4576
9,Trans,NA,4864
9,Trans,NA,4865
9,Trans,NA,4890
9,Trans,NA,5079
9,Trans,NA,5112
9,Trans,NA,5195
9,Trans,NA,5265
9,Start,43,5265
9,Trans,NA,5195
9,Trans,NA,5112
9,Trans,NA,5079
9,Trans,NA,4890
9,Trans,NA,4865
9,Trans,NA,4864
9,Trans,NA,4576
9,Trans,NA,4536
9,Trans,NA,4498
9,Trans,NA,4479
9,Trans,NA,4463
9,Trans,NA,4455
9,Trans,NA,4452
9,Trans,NA,4428
9,Trans,NA,4425
9,Trans,NA,4409
9,Trans,NA,4413
9,Trans,NA,4448
9,Trans,NA,4449
9,Trans,NA,4947
9,Trans,NA,5152
9,Trans,NA,5347
9,Trans,NA,5348
9,Trans,NA,6048
9,Trans,NA,6268
9,Trans,NA,6480
9,Trans,NA,6624
9,Trans,NA,6625
9,Trans,NA,6984
9,Trans,NA,6958
9,Trans,NA,6953
9,Trans,NA,6896
9,Trans,NA,6949
9,Trans,NA,7028
9,Trans,NA,7027
9,Trans,NA,7161
9,Trans,NA,7299
9,Trans,NA,7298
9,Trans,NA,7387
9,Trans,NA,7382
9,Trans,NA,7420
9,Trans,NA,7454
9,Trans,NA,7504
9,Trans,NA,7371
9,Trans,NA,7407
9,Trans,NA,7406
9,Trans,NA,7265
9,Trans,NA,7266
9,Trans,NA,7207
9,Trans,NA,7157
9,Trans,NA,7110
9,Trans,NA,6990
9,Trans,NA,6573
9,Trans,NA,6572
9,Trans,NA,6447
9,Trans,NA,6234
9,Trans,NA,6294
9,Trans,NA,6295
9,Trans,NA,6211
9,Trans,NA,6025
9,Trans,NA,5905
9,Trans,NA,5906
9,Trans,NA,5674
9,End,NA,5652
10,Taxi,NA,6422
10,Trans,NA,6521
10,Trans,NA,6673
10,Trans,NA,6785
10,Trans,NA,6786
10,Trans,NA,6924
10,Trans,NA,6925
10,Trans,NA,6715
10,Trans,NA,6643
10,Trans,NA,6537
10,Trans,NA,6505
10,Trans,NA,6483
10,Trans,NA,6428
10,Trans,NA,6427
10,Trans,NA,6599
10,Trans,NA,6703
10,Trans,NA,6704
10,Trans,NA,6980
10,Trans,NA,6979
10,Trans,NA,7231
10,Trans,NA,7232
10,Trans,NA,7191
10,Trans,NA,7125
10,Trans,NA,7077
10,Trans,NA,7080
10,Trans,NA,7039
10,Trans,NA,7014
10,Trans,NA,6995
10,Trans,NA,6996
10,Trans,NA,6956
10,Trans,NA,6997
10,Trans,NA,7090
10,Trans,NA,7163
10,Trans,NA,7196
10,Trans,NA,7194
10,Trans,NA,7270
10,Trans,NA,7198
10,Trans,NA,7254
10,Trans,NA,7375
10,Trans,NA,7374
10,Trans,NA,7292
10,Trans,NA,7291
10,Trans,NA,7338
10,Trans,NA,7339
10,Trans,NA,7389
10,Trans,NA,7388
10,Trans,NA,7443
10,Trans,NA,7465
10,Trans,NA,7552
10,Trans,NA,7634
10,Trans,NA,7723
10,Trans,NA,7722
10,Trans,NA,7769
10,Trans,NA,7886
10,Trans,NA,7943
10,Trans,NA,7985
10,Trans,NA,7984
10,Trans,NA,8035
10,Trans,NA,8164
10,Trans,NA,8163
10,Trans,NA,8273
10,Trans,NA,8373
10,Trans,NA,8292
10,Trans,NA,8465
10,Trans,NA,8623
10,Trans,NA,8573
10,Trans,NA,8527
10,Trans,NA,8526
10,Trans,NA,8524
10,Trans,NA,8566
10,Trans,NA,8501
10,Start,43,8501
10,Trans,NA,8566
10,Trans,NA,8524
10,Trans,NA,8526
10,Trans,NA,8527
10,Trans,NA,8573
10,Trans,NA,8623
10,Trans,NA,8465
10,Trans,NA,8292
10,Trans,NA,8373
10,Trans,NA,8273
10,Trans,NA,8163
10,Trans,NA,8164
10,Trans,NA,8035
10,Trans,NA,7984
10,Trans,NA,7985
10,Trans,NA,7943
10,Trans,NA,7861
10,Trans,NA,7702
10,Trans,NA,7417
10,Trans,NA,7422
10,Trans,NA,7298
10,Trans,NA,7299
10,Trans,NA,7161
10,Trans,NA,7027
10,Trans,NA,7028
10,Trans,NA,6949
10,Trans,NA,6896
10,Trans,NA,6953
10,Trans,NA,6958
10,Trans,NA,6984
10,Trans,NA,6625
10,Trans,NA,6624
10,Trans,NA,6480
10,Trans,NA,6268
10,Trans,NA,6048
10,Trans,NA,5348
10,Trans,NA,5347
10,Trans,NA,5152
10,Trans,NA,4947
10,Trans,NA,4538
10,Trans,NA,4362
10,Trans,NA,4235
10,Trans,NA,4173
10,Trans,NA,4155
10,Trans,NA,4025
10,Trans,NA,3804
10,Trans,NA,3640
10,Trans,NA,3491
10,Trans,NA,3385
10,Trans,NA,3314
10,Trans,NA,3001
10,Trans,NA,2887
10,Trans,NA,2576
10,Trans,NA,2523
10,Trans,NA,2484
10,Trans,NA,2455
10,Trans,NA,2489
10,Trans,NA,2465
10,Trans,NA,2463
10,Trans,NA,2458
10,Trans,NA,2312
10,Trans,NA,2311
10,Trans,NA,2256
10,Trans,NA,2252
10,Trans,NA,2277
10,Trans,NA,2278
10,Trans,NA,2177
10,Trans,NA,2145
10,Trans,NA,2143
10,Trans,NA,1946
10,Trans,NA,1947
10,Trans,NA,1909
10,Trans,NA,1865
10,Trans,NA,1795
10,Trans,NA,1722
10,Trans,NA,1655
10,Trans,NA,1567
10,Trans,NA,1568
10,Trans,NA,1451
10,Trans,NA,1394
10,Trans,NA,1381
10,Trans,NA,1310
10,Trans,NA,1312
10,Trans,NA,1216
10,Trans,NA,1208
10,Trans,NA,1203
10,Trans,NA,1197
10,Trans,NA,1189
10,Trans,NA,1185
10,Trans,NA,1179
10,Trans,NA,1175
10,Trans,NA,1166
10,Trans,NA,1164
10,Trans,NA,1153
10,Trans,NA,1116
10,Trans,NA,1084
10,Trans,NA,1080
10,Trans,NA,1081
10,End,NA,1096
11,Taxi,NA,1576
11,Trans,NA,1577
11,Trans,NA,1516
11,Trans,NA,1515
11,Trans,NA,1481
11,Trans,NA,1432
11,Trans,NA,1402
11,Trans,NA,1403
11,Trans,NA,1322
11,Trans,NA,1321
11,Trans,NA,969
11,Trans,NA,970
11,Trans,NA,1132
11,Trans,NA,1160
11,Trans,NA,1161
11,Trans,NA,1169
11,Trans,NA,1193
11,Trans,NA,1202
11,Trans,NA,1224
11,Trans,NA,1223
11,Trans,NA,1256
11,Trans,NA,1325
11,Trans,NA,1462
11,Trans,NA,1463
11,Trans,NA,1493
11,Trans,NA,1507
11,Trans,NA,1508
11,Trans,NA,1550
11,Start,45,1550
11,Trans,NA,1508
11,Trans,NA,1507
11,Trans,NA,1493
11,Trans,NA,1463
11,Trans,NA,1462
11,Trans,NA,1407
11,Trans,NA,1333
11,Trans,NA,1332
11,Trans,NA,1307
11,Trans,NA,1370
11,Trans,NA,1456
11,Trans,NA,1619
11,Trans,NA,1620
11,Trans,NA,1765
11,Trans,NA,1918
11,Trans,NA,1926
11,Trans,NA,1949
11,Trans,NA,1950
11,Trans,NA,2028
11,Trans,NA,2076
11,Trans,NA,2144
11,Trans,NA,2145
11,Trans,NA,2177
11,Trans,NA,2278
11,Trans,NA,2277
11,Trans,NA,2252
11,Trans,NA,2256
11,Trans,NA,2311
11,Trans,NA,2312
11,Trans,NA,2458
11,Trans,NA,2463
11,Trans,NA,2465
11,Trans,NA,2489
11,Trans,NA,2455
11,Trans,NA,2484
11,Trans,NA,2523
11,Trans,NA,2576
11,Trans,NA,2887
11,Trans,NA,3001
11,Trans,NA,3314
11,Trans,NA,3385
11,Trans,NA,3491
11,Trans,NA,3640
11,Trans,NA,3804
11,Trans,NA,4025
11,Trans,NA,4155
11,Trans,NA,4173
11,Trans,NA,4235
11,Trans,NA,4362
11,Trans,NA,4538
11,Trans,NA,4947
11,Trans,NA,5152
11,Trans,NA,5347
11,Trans,NA,5348
11,Trans,NA,6048
11,Trans,NA,6268
11,Trans,NA,6480
11,Trans,NA,6624
11,Trans,NA,6625
11,Trans,NA,6984
11,Trans,NA,6958
11,Trans,NA,6953
11,Trans,NA,6896
11,Trans,NA,6949
11,Trans,NA,7028
11,Trans,NA,7027
11,Trans,NA,7161
11,Trans,NA,7299
11,Trans,NA,7298
11,Trans,NA,7387
11,Trans,NA,7382
11,Trans,NA,7420
11,Trans,NA,7454
11,Trans,NA,7504
11,Trans,NA,7371
11,Trans,NA,7407
11,Trans,NA,7406
11,Trans,NA,7265
11,Trans,NA,7264
11,Trans,NA,7282
11,Trans,NA,7306
11,Trans,NA,7310
11,Trans,NA,7294
11,Trans,NA,7293
11,Trans,NA,7269
11,Trans,NA,7226
11,Trans,NA,7227
11,End,NA,7229
12,Taxi,NA,6105
12,Trans,NA,6081
12,Trans,NA,6137
12,Trans,NA,6201
12,Trans,NA,6252
12,Trans,NA,6319
12,Trans,NA,6378
12,Trans,NA,6458
12,Trans,NA,6457
12,Trans,NA,6584
12,Trans,NA,6537
12,Trans,NA,6505
12,Trans,NA,6483
12,Trans,NA,6428
12,Trans,NA,6427
12,Trans,NA,6599
12,Trans,NA,6703
12,Trans,NA,6704
12,Trans,NA,6980
12,Trans,NA,6979
12,Trans,NA,7231
12,Trans,NA,7232
12,Trans,NA,7191
12,Trans,NA,7125
12,Trans,NA,7077
12,Trans,NA,7080
12,Trans,NA,7039
12,Trans,NA,7014
12,Trans,NA,6995
12,Trans,NA,6996
12,Trans,NA,6956
12,Trans,NA,6997
12,Trans,NA,7090
12,Trans,NA,7163
12,Trans,NA,7196
12,Trans,NA,7194
12,Trans,NA,7270
12,Trans,NA,7198
12,Trans,NA,7254
12,Trans,NA,7375
12,Trans,NA,7374
12,Trans,NA,7292
12,Trans,NA,7291
12,Trans,NA,7338
12,Trans,NA,7339
12,Trans,NA,7370
12,Trans,NA,7398
12,Trans,NA,7399
12,Trans,NA,7417
12,Trans,NA,7422
12,Trans,NA,7298
12,Trans,NA,7299
12,Trans,NA,7161
12,Trans,NA,7027
12,Trans,NA,7028
12,Trans,NA,6949
12,Trans,NA,6896
12,Trans,NA,6953
12,Trans,NA,6958
12,Trans,NA,6984
12,Trans,NA,6625
12,Trans,NA,6624
12,Trans,NA,6480
12,Trans,NA,6268
12,Trans,NA,6048
12,Trans,NA,5786
12,Trans,NA,5823
12,Trans,NA,5752
12,Trans,NA,5757
12,Trans,NA,5925
12,Trans,NA,6022
12,Trans,NA,6024
12,Trans,NA,6019
12,Trans,NA,5979
12,Trans,NA,5978
12,Trans,NA,5879
12,Trans,NA,5878
12,Trans,NA,5988
12,Start,46,5988
12,Trans,NA,5878
12,Trans,NA,5879
12,Trans,NA,5978
12,Trans,NA,5979
12,Trans,NA,6019
12,Trans,NA,6024
12,Trans,NA,6022
12,Trans,NA,5925
12,Trans,NA,5757
12,Trans,NA,5692
12,Trans,NA,5693
12,Trans,NA,5528
12,Trans,NA,5529
12,Trans,NA,5474
12,Trans,NA,5433
12,Trans,NA,5407
12,Trans,NA,5347
12,Trans,NA,5152
12,Trans,NA,4947
12,Trans,NA,4449
12,Trans,NA,4448
12,Trans,NA,4413
12,Trans,NA,4409
12,Trans,NA,4425
12,Trans,NA,4428
12,Trans,NA,4452
12,Trans,NA,4455
12,Trans,NA,4463
12,Trans,NA,4479
12,Trans,NA,4498
12,Trans,NA,4536
12,Trans,NA,4576
12,Trans,NA,4864
12,Trans,NA,4865
12,Trans,NA,4890
12,Trans,NA,5079
12,Trans,NA,5112
12,Trans,NA,5195
12,Trans,NA,5196
12,Trans,NA,5087
12,Trans,NA,5086
12,Trans,NA,5078
12,Trans,NA,4938
12,Trans,NA,4797
12,Trans,NA,4745
12,Trans,NA,4709
12,Trans,NA,4710
12,Trans,NA,4707
12,Trans,NA,4720
12,Trans,NA,4731
12,Trans,NA,4732
12,Trans,NA,4833
12,Trans,NA,4834
12,Trans,NA,4851
12,Trans,NA,4893
12,Trans,NA,4894
12,Trans,NA,4879
12,Trans,NA,4895
12,Trans,NA,4896
12,Trans,NA,4651
12,Trans,NA,4650
12,Trans,NA,4552
12,Trans,NA,4402
12,Trans,NA,4374
12,Trans,NA,4375
12,Trans,NA,4326
12,Trans,NA,4324
12,Trans,NA,4322
12,Trans,NA,4704
12,Trans,NA,4730
12,Trans,NA,4844
12,Trans,NA,5148
12,Trans,NA,5316
12,Trans,NA,5527
12,Trans,NA,5600
12,Trans,NA,5601
12,Trans,NA,5695
12,Trans,NA,5709
12,Trans,NA,5756
12,Trans,NA,5817
12,End,NA,5751
13,Taxi,NA,8133
13,Trans,NA,8089
13,Trans,NA,8088
13,Trans,NA,8053
13,Trans,NA,8001
13,Trans,NA,7937
13,Trans,NA,7898
13,Trans,NA,7897
13,Trans,NA,7879
13,Trans,NA,7878
13,Trans,NA,7868
13,Trans,NA,7772
13,Trans,NA,7672
13,Trans,NA,7636
13,Trans,NA,7515
13,Trans,NA,7516
13,Trans,NA,7483
13,Trans,NA,7242
13,Trans,NA,7241
13,Trans,NA,7078
13,Trans,NA,7077
13,Trans,NA,7125
13,Trans,NA,7191
13,Trans,NA,7232
13,Trans,NA,7231
13,Trans,NA,6979
13,Trans,NA,6980
13,Trans,NA,6704
13,Trans,NA,6703
13,Trans,NA,6599
13,Trans,NA,6427
13,Trans,NA,6428
13,Trans,NA,6483
13,Trans,NA,6505
13,Trans,NA,6537
13,Trans,NA,6643
13,Trans,NA,6715
13,Trans,NA,6925
13,Trans,NA,6924
13,Trans,NA,6786
13,Trans,NA,6785
13,Trans,NA,6602
13,Trans,NA,6867
13,Trans,NA,7030
13,Trans,NA,6612
13,Trans,NA,6254
13,Trans,NA,6255
13,Trans,NA,5908
13,Trans,NA,5818
13,Trans,NA,5817
13,Trans,NA,5756
13,Trans,NA,5709
13,Trans,NA,5695
13,Trans,NA,5601
13,Trans,NA,5600
13,Trans,NA,5527
13,Trans,NA,5316
13,Trans,NA,5148
13,Trans,NA,4844
13,Trans,NA,4730
13,Trans,NA,4704
13,Trans,NA,4322
13,Trans,NA,4323
13,Trans,NA,4185
13,Trans,NA,4070
13,Trans,NA,3960
13,Trans,NA,3821
13,Trans,NA,3378
13,Trans,NA,3379
13,Trans,NA,3216
13,Trans,NA,3146
13,Trans,NA,2974
13,Trans,NA,2943
13,Trans,NA,2942
13,Trans,NA,2637
13,Trans,NA,2636
13,Trans,NA,2561
13,Trans,NA,2481
13,Trans,NA,2049
13,Trans,NA,2143
13,Trans,NA,2144
13,Trans,NA,2076
13,Trans,NA,2028
13,Trans,NA,1950
13,Trans,NA,1973
13,Trans,NA,1974
13,Trans,NA,1980
13,Trans,NA,1975
13,Trans,NA,1992
13,Trans,NA,1897
13,Trans,NA,1887
13,Trans,NA,1850
13,Trans,NA,1799
13,Trans,NA,1798
13,Trans,NA,1905
13,Trans,NA,1916
13,Trans,NA,2079
13,Trans,NA,2169
13,Trans,NA,2170
13,Start,48,2170
13,Trans,NA,2169
13,Trans,NA,2079
13,Trans,NA,1916
13,Trans,NA,1905
13,Trans,NA,1798
13,Trans,NA,1799
13,Trans,NA,1850
13,Trans,NA,1887
13,Trans,NA,1897
13,Trans,NA,1992
13,Trans,NA,1975
13,Trans,NA,1980
13,Trans,NA,1974
13,Trans,NA,1973
13,Trans,NA,1950
13,Trans,NA,2028
13,Trans,NA,2076
13,Trans,NA,2144
13,Trans,NA,2145
13,Trans,NA,2177
13,Trans,NA,2278
13,Trans,NA,2277
13,Trans,NA,2252
13,Trans,NA,2256
13,Trans,NA,2311
13,Trans,NA,2312
13,Trans,NA,2458
13,Trans,NA,2463
13,Trans,NA,2465
13,Trans,NA,2489
13,Trans,NA,2455
13,Trans,NA,2484
13,Trans,NA,2523
13,Trans,NA,2576
13,Trans,NA,2887
13,Trans,NA,3001
13,Trans,NA,3314
13,Trans,NA,3385
13,Trans,NA,3491
13,Trans,NA,3640
13,Trans,NA,3804
13,Trans,NA,4025
13,Trans,NA,4155
13,Trans,NA,4173
13,Trans,NA,4235
13,Trans,NA,4362
13,Trans,NA,4538
13,Trans,NA,4947
13,Trans,NA,5152
13,Trans,NA,5347
13,Trans,NA,5348
13,Trans,NA,6048
13,Trans,NA,6268
13,Trans,NA,6480
13,Trans,NA,6624
13,Trans,NA,6625
13,Trans,NA,6984
13,Trans,NA,6958
13,Trans,NA,6953
13,Trans,NA,6896
13,Trans,NA,6949
13,Trans,NA,7028
13,Trans,NA,7027
13,Trans,NA,7161
13,Trans,NA,7299
13,Trans,NA,7298
13,Trans,NA,7422
13,Trans,NA,7417
13,Trans,NA,7702
13,Trans,NA,7861
13,Trans,NA,7886
13,Trans,NA,7887
13,Trans,NA,7917
13,Trans,NA,7941
13,Trans,NA,8020
13,Trans,NA,8037
13,Trans,NA,8036
13,Trans,NA,8054
13,Trans,NA,8079
13,Trans,NA,8080
13,Trans,NA,8587
13,Trans,NA,8585
13,Trans,NA,8628
13,Trans,NA,8627
13,Trans,NA,8657
13,Trans,NA,8655
13,Trans,NA,8756
13,Trans,NA,8754
13,Trans,NA,8800
13,Trans,NA,8863
13,Trans,NA,8913
13,Trans,NA,9052
13,Trans,NA,9053
13,Trans,NA,9203
13,Trans,NA,9202
13,Trans,NA,9295
13,Trans,NA,9376
13,End,NA,9511
14,Taxi,NA,763
14,Trans,NA,758
14,Trans,NA,748
14,Trans,NA,733
14,Trans,NA,715
14,Trans,NA,711
14,Trans,NA,699
14,Trans,NA,694
14,Trans,NA,693
14,Trans,NA,686
14,Trans,NA,653
14,Trans,NA,645
14,Trans,NA,638
14,Trans,NA,637
14,Trans,NA,609
14,Trans,NA,617
14,Trans,NA,644
14,Trans,NA,643
14,Trans,NA,844
14,Trans,NA,969
14,Trans,NA,970
14,Trans,NA,1132
14,Trans,NA,1160
14,Trans,NA,1161
14,Trans,NA,1169
14,Trans,NA,1193
14,Trans,NA,1202
14,Trans,NA,1224
14,Trans,NA,1223
14,Trans,NA,1239
14,Trans,NA,1231
14,Trans,NA,1233
14,Trans,NA,1259
14,Trans,NA,1307
14,Trans,NA,1370
14,Trans,NA,1456
14,Trans,NA,1619
14,Trans,NA,1620
14,Trans,NA,1765
14,Trans,NA,1918
14,Trans,NA,1926
14,Trans,NA,1949
14,Trans,NA,1950
14,Trans,NA,2028
14,Trans,NA,2076
14,Trans,NA,2144
14,Trans,NA,2143
14,Trans,NA,2048
14,Trans,NA,1978
14,Trans,NA,2025
14,Trans,NA,2024
14,Trans,NA,2078
14,Trans,NA,2007
14,Trans,NA,1957
14,Trans,NA,2062
14,Trans,NA,2116
14,Trans,NA,2228
14,Trans,NA,2227
14,Trans,NA,2451
14,Trans,NA,2452
14,Trans,NA,2474
14,Start,50,2474
14,Trans,NA,2452
14,Trans,NA,2451
14,Trans,NA,2227
14,Trans,NA,2228
14,Trans,NA,2116
14,Trans,NA,2062
14,Trans,NA,1957
14,Trans,NA,2007
14,Trans,NA,2078
14,Trans,NA,2024
14,Trans,NA,2025
14,Trans,NA,1978
14,Trans,NA,2048
14,Trans,NA,2049
14,Trans,NA,2481
14,Trans,NA,2561
14,Trans,NA,2636
14,Trans,NA,2637
14,Trans,NA,2942
14,Trans,NA,2943
14,Trans,NA,2974
14,Trans,NA,3146
14,Trans,NA,3216
14,Trans,NA,3379
14,Trans,NA,3378
14,Trans,NA,3821
14,Trans,NA,3960
14,Trans,NA,4070
14,Trans,NA,4185
14,Trans,NA,4323
14,Trans,NA,4322
14,Trans,NA,4704
14,Trans,NA,4730
14,Trans,NA,4844
14,Trans,NA,5148
14,Trans,NA,5316
14,Trans,NA,5527
14,Trans,NA,5600
14,Trans,NA,5601
14,Trans,NA,5695
14,Trans,NA,5709
14,Trans,NA,5756
14,Trans,NA,5817
14,Trans,NA,5818
14,Trans,NA,5908
14,Trans,NA,6255
14,Trans,NA,6254
14,Trans,NA,6612
14,Trans,NA,7030
14,Trans,NA,6867
14,Trans,NA,6602
14,Trans,NA,6785
14,Trans,NA,6786
14,Trans,NA,6924
14,Trans,NA,6925
14,Trans,NA,6715
14,Trans,NA,6643
14,Trans,NA,6537
14,Trans,NA,6505
14,Trans,NA,6483
14,Trans,NA,6428
14,Trans,NA,6427
14,Trans,NA,6599
14,Trans,NA,6703
14,Trans,NA,6704
14,Trans,NA,6980
14,Trans,NA,6979
14,Trans,NA,7231
14,Trans,NA,7355
14,Trans,NA,7453
14,Trans,NA,7475
14,Trans,NA,7840
14,Trans,NA,7839
14,Trans,NA,7935
14,Trans,NA,7997
14,Trans,NA,8103
14,Trans,NA,8188
14,Trans,NA,8331
14,Trans,NA,8378
14,Trans,NA,8434
14,Trans,NA,8494
14,Trans,NA,8513
14,Trans,NA,8679
14,Trans,NA,8724
14,Trans,NA,8776
14,Trans,NA,8883
14,Trans,NA,8969
14,Trans,NA,9121
14,Trans,NA,9212
14,Trans,NA,9240
14,Trans,NA,9241
14,Trans,NA,9326
14,Trans,NA,9328
14,Trans,NA,9243
14,Trans,NA,9318
14,Trans,NA,9317
14,Trans,NA,9330
14,Trans,NA,9356
14,Trans,NA,9433
14,Trans,NA,9527
14,Trans,NA,9528
14,Trans,NA,9562
14,Trans,NA,9642
14,Trans,NA,9641
14,End,NA,9729
2,Taxi,NA,9384
2,Trans,NA,9383
2,Trans,NA,9369
2,Trans,NA,9295
2,Trans,NA,9202
2,Trans,NA,9203
2,Trans,NA,9053
2,Trans,NA,9052
2,Trans,NA,8913
2,Trans,NA,8863
2,Trans,NA,8800
2,Trans,NA,8754
2,Trans,NA,8756
2,Trans,NA,8655
2,Trans,NA,8657
2,Trans,NA,8627
2,Trans,NA,8628
2,Trans,NA,8585
2,Trans,NA,8587
2,Trans,NA,8080
2,Trans,NA,8079
2,Trans,NA,8054
2,Trans,NA,8036
2,Trans,NA,8037
2,Trans,NA,8020
2,Trans,NA,7941
2,Trans,NA,7917
2,Trans,NA,7887
2,Trans,NA,7886
2,Trans,NA,7861
2,Trans,NA,7702
2,Trans,NA,7417
2,Trans,NA,7422
2,Trans,NA,7298
2,Trans,NA,7299
2,Trans,NA,7161
2,Trans,NA,7027
2,Trans,NA,7028
2,Trans,NA,6949
2,Trans,NA,6896
2,Trans,NA,6953
2,Trans,NA,6958
2,Trans,NA,6984
2,Trans,NA,6625
2,Trans,NA,6624
2,Trans,NA,6480
2,Trans,NA,6268
2,Trans,NA,6048
2,Trans,NA,5348
2,Trans,NA,5407
2,Trans,NA,5406
2,Trans,NA,5303
2,Trans,NA,5129
2,Trans,NA,5130
2,Trans,NA,5094
2,Start,51,5094
2,Trans,NA,5130
2,Trans,NA,5129
2,Trans,NA,5303
2,Trans,NA,5406
2,Trans,NA,5407
2,Trans,NA,5348
2,Trans,NA,6048
2,Trans,NA,6268
2,Trans,NA,6480
2,Trans,NA,6624
2,Trans,NA,6625
2,Trans,NA,6984
2,Trans,NA,6958
2,Trans,NA,6953
2,Trans,NA,6896
2,Trans,NA,6949
2,Trans,NA,7028
2,Trans,NA,7027
2,Trans,NA,7161
2,Trans,NA,7299
2,Trans,NA,7298
2,Trans,NA,7422
2,Trans,NA,7417
2,Trans,NA,7399
2,Trans,NA,7398
2,Trans,NA,7370
2,Trans,NA,7339
2,Trans,NA,7304
2,Trans,NA,7305
2,End,NA,7276
15,Taxi,NA,3484
15,Trans,NA,3578
15,Trans,NA,3577
15,Trans,NA,3618
15,Trans,NA,3456
15,Trans,NA,3457
15,Trans,NA,3238
15,Trans,NA,3099
15,Trans,NA,3098
15,Trans,NA,2952
15,Trans,NA,2938
15,Trans,NA,2792
15,Trans,NA,2736
15,Trans,NA,2475
15,Trans,NA,2442
15,Trans,NA,2441
15,Trans,NA,2412
15,Trans,NA,2249
15,Trans,NA,2250
15,Trans,NA,2171
15,Trans,NA,2181
15,Trans,NA,2213
15,Trans,NA,2259
15,Trans,NA,2258
15,Trans,NA,2260
15,Trans,NA,2266
15,Trans,NA,2275
15,Trans,NA,2364
15,Trans,NA,2373
15,Trans,NA,2374
15,Trans,NA,2386
15,Trans,NA,2401
15,Trans,NA,2414
15,Trans,NA,2413
15,Trans,NA,2432
15,Trans,NA,2354
15,Trans,NA,2283
15,Trans,NA,2223
15,Trans,NA,2222
15,Trans,NA,2195
15,Trans,NA,2059
15,Trans,NA,2060
15,Trans,NA,1999
15,Start,51,1999
15,Trans,NA,2060
15,Trans,NA,2059
15,Trans,NA,2195
15,Trans,NA,2222
15,Trans,NA,2223
15,Trans,NA,2283
15,Trans,NA,2354
15,Trans,NA,2447
15,Trans,NA,2471
15,Trans,NA,2514
15,Trans,NA,2546
15,Trans,NA,2547
15,Trans,NA,2577
15,Trans,NA,2705
15,Trans,NA,2806
15,Trans,NA,2835
15,Trans,NA,3002
15,Trans,NA,3001
15,Trans,NA,2887
15,Trans,NA,2576
15,Trans,NA,2523
15,Trans,NA,2484
15,Trans,NA,2455
15,Trans,NA,2489
15,Trans,NA,2465
15,Trans,NA,2463
15,Trans,NA,2458
15,Trans,NA,2312
15,Trans,NA,2311
15,Trans,NA,2256
15,Trans,NA,2252
15,Trans,NA,2277
15,Trans,NA,2278
15,Trans,NA,2177
15,Trans,NA,2145
15,Trans,NA,2143
15,Trans,NA,2049
15,Trans,NA,2481
15,Trans,NA,2561
15,Trans,NA,2636
15,Trans,NA,2637
15,Trans,NA,2942
15,Trans,NA,2943
15,Trans,NA,2974
15,Trans,NA,3146
15,Trans,NA,3216
15,Trans,NA,3379
15,Trans,NA,3378
15,Trans,NA,3821
15,Trans,NA,3960
15,Trans,NA,4070
15,Trans,NA,4185
15,Trans,NA,4323
15,Trans,NA,4322
15,Trans,NA,4704
15,Trans,NA,4730
15,Trans,NA,4844
15,Trans,NA,5148
15,Trans,NA,5316
15,Trans,NA,5527
15,Trans,NA,5600
15,Trans,NA,5601
15,Trans,NA,5695
15,Trans,NA,5709
15,Trans,NA,5756
15,Trans,NA,5817
15,Trans,NA,5818
15,Trans,NA,5908
15,Trans,NA,6255
15,Trans,NA,6254
15,Trans,NA,6612
15,Trans,NA,7030
15,Trans,NA,6867
15,Trans,NA,6602
15,Trans,NA,6785
15,Trans,NA,6786
15,Trans,NA,6924
15,Trans,NA,6925
15,Trans,NA,6715
15,Trans,NA,6643
15,Trans,NA,6584
15,Trans,NA,6457
15,Trans,NA,6458
15,Trans,NA,6378
15,Trans,NA,6319
15,Trans,NA,6252
15,Trans,NA,6201
15,Trans,NA,6137
15,Trans,NA,6081
15,Trans,NA,6105
15,Trans,NA,6104
15,Trans,NA,6192
15,Trans,NA,6213
15,Trans,NA,6275
15,Trans,NA,6346
15,End,NA,6347
3,Taxi,NA,9953
3,Trans,NA,9938
3,Trans,NA,9959
3,Trans,NA,9936
3,Trans,NA,9893
3,Trans,NA,9863
3,Trans,NA,9862
3,Trans,NA,9891
3,Trans,NA,9890
3,Trans,NA,9854
3,Trans,NA,9839
3,Trans,NA,9782
3,Trans,NA,9726
3,Trans,NA,9725
3,Trans,NA,9701
3,Trans,NA,9668
3,Trans,NA,9621
3,Trans,NA,9583
3,Trans,NA,9582
3,Trans,NA,9565
3,Trans,NA,9547
3,Trans,NA,9518
3,Trans,NA,9501
3,Trans,NA,9502
3,Trans,NA,9462
3,Trans,NA,9394
3,Trans,NA,9412
3,Trans,NA,9411
3,Trans,NA,9094
3,Trans,NA,8584
3,Trans,NA,8587
3,Trans,NA,8080
3,Trans,NA,8079
3,Trans,NA,8054
3,Trans,NA,8036
3,Trans,NA,8037
3,Trans,NA,8020
3,Trans,NA,7941
3,Trans,NA,7917
3,Trans,NA,7887
3,Trans,NA,7886
3,Trans,NA,7861
3,Trans,NA,7702
3,Trans,NA,7417
3,Trans,NA,7419
3,Trans,NA,7420
3,Trans,NA,7454
3,Trans,NA,7503
3,Trans,NA,7665
3,Trans,NA,7765
3,Trans,NA,7833
3,Trans,NA,7858
3,Trans,NA,7900
3,Trans,NA,7901
3,Trans,NA,7945
3,Trans,NA,8031
3,Trans,NA,8122
3,Trans,NA,8158
3,Trans,NA,8064
3,Trans,NA,8045
3,Start,52,8045
3,Trans,NA,8064
3,Trans,NA,8158
3,Trans,NA,8122
3,Trans,NA,8031
3,Trans,NA,7945
3,Trans,NA,7901
3,Trans,NA,7900
3,Trans,NA,7858
3,Trans,NA,7833
3,Trans,NA,7765
3,Trans,NA,7665
3,Trans,NA,7503
3,Trans,NA,7454
3,Trans,NA,7420
3,Trans,NA,7382
3,Trans,NA,7387
3,Trans,NA,7298
3,Trans,NA,7299
3,Trans,NA,7161
3,Trans,NA,7027
3,Trans,NA,7028
3,Trans,NA,6949
3,Trans,NA,6896
3,Trans,NA,6953
3,Trans,NA,6958
3,Trans,NA,6984
3,Trans,NA,6625
3,Trans,NA,6624
3,Trans,NA,6480
3,Trans,NA,6268
3,Trans,NA,6048
3,Trans,NA,5348
3,Trans,NA,5347
3,Trans,NA,5152
3,Trans,NA,4947
3,Trans,NA,4538
3,Trans,NA,4362
3,Trans,NA,4235
3,Trans,NA,4173
3,Trans,NA,4155
3,Trans,NA,4025
3,Trans,NA,3804
3,Trans,NA,3640
3,Trans,NA,3491
3,Trans,NA,3385
3,Trans,NA,3314
3,Trans,NA,3002
3,Trans,NA,2835
3,Trans,NA,2806
3,Trans,NA,2705
3,Trans,NA,2577
3,Trans,NA,2547
3,Trans,NA,2546
3,Trans,NA,2514
3,Trans,NA,2471
3,Trans,NA,2447
3,Trans,NA,2354
3,Trans,NA,2283
3,Trans,NA,2223
3,Trans,NA,2222
3,Trans,NA,2195
3,Trans,NA,2059
3,Trans,NA,2060
3,Trans,NA,1999
3,Trans,NA,1966
3,Trans,NA,1927
3,Trans,NA,1870
3,Trans,NA,1869
3,Trans,NA,1809
3,Trans,NA,1695
3,Trans,NA,1571
3,Trans,NA,1322
3,Trans,NA,1321
3,Trans,NA,844
3,Trans,NA,697
3,Trans,NA,586
3,Trans,NA,596
3,Trans,NA,602
3,Trans,NA,576
3,Trans,NA,580
3,Trans,NA,600
3,Trans,NA,611
3,End,NA,612
16,Taxi,NA,5007
16,Trans,NA,5008
16,Trans,NA,4991
16,Trans,NA,4962
16,Trans,NA,4961
16,Trans,NA,4905
16,Trans,NA,4795
16,Trans,NA,4631
16,Trans,NA,4630
16,Trans,NA,4596
16,Trans,NA,4701
16,Trans,NA,4886
16,Trans,NA,4885
16,Trans,NA,4547
16,Trans,NA,4113
16,Trans,NA,4000
16,Trans,NA,3939
16,Trans,NA,3905
16,Trans,NA,3860
16,Trans,NA,3796
16,Trans,NA,3706
16,Trans,NA,3613
16,Trans,NA,3458
16,Trans,NA,3382
16,Trans,NA,3250
16,Trans,NA,3249
16,Trans,NA,3124
16,Trans,NA,2961
16,Trans,NA,2803
16,Trans,NA,2802
16,Trans,NA,2635
16,Trans,NA,2478
16,Trans,NA,2429
16,Trans,NA,2275
16,Trans,NA,2364
16,Trans,NA,2373
16,Trans,NA,2374
16,Trans,NA,2386
16,Trans,NA,2401
16,Trans,NA,2414
16,Trans,NA,2413
16,Trans,NA,2432
16,Trans,NA,2447
16,Trans,NA,2471
16,Trans,NA,2514
16,Trans,NA,2546
16,Trans,NA,2547
16,Trans,NA,2577
16,Trans,NA,2705
16,Trans,NA,2806
16,Trans,NA,2835
16,Trans,NA,3002
16,Trans,NA,3001
16,Trans,NA,2887
16,Trans,NA,2576
16,Trans,NA,2523
16,Trans,NA,2484
16,Trans,NA,2455
16,Trans,NA,2489
16,Trans,NA,2465
16,Trans,NA,2463
16,Trans,NA,2458
16,Trans,NA,2312
16,Trans,NA,2311
16,Trans,NA,2256
16,Trans,NA,2252
16,Trans,NA,2277
16,Trans,NA,2276
16,Trans,NA,2303
16,Trans,NA,2398
16,Trans,NA,2473
16,Trans,NA,2472
16,Trans,NA,2554
16,Trans,NA,2626
16,Trans,NA,2906
16,Trans,NA,2970
16,Trans,NA,2995
16,Trans,NA,3066
16,Trans,NA,3224
16,Trans,NA,3365
16,Trans,NA,3369
16,Trans,NA,3370
16,Trans,NA,3450
16,Trans,NA,3470
16,Trans,NA,3469
16,Trans,NA,3481
16,Trans,NA,3504
16,Trans,NA,3527
16,Trans,NA,3526
16,Trans,NA,3620
16,Trans,NA,3647
16,Start,52,3647
16,Trans,NA,3620
16,Trans,NA,3526
16,Trans,NA,3527
16,Trans,NA,3504
16,Trans,NA,3481
16,Trans,NA,3482
16,Trans,NA,3693
16,Trans,NA,3725
16,Trans,NA,3790
16,Trans,NA,3907
16,Trans,NA,4012
16,Trans,NA,4011
16,Trans,NA,4114
16,Trans,NA,4178
16,Trans,NA,4276
16,Trans,NA,4303
16,Trans,NA,4304
16,Trans,NA,4426
16,Trans,NA,4475
16,Trans,NA,4474
16,Trans,NA,4700
16,Trans,NA,4746
16,Trans,NA,4745
16,Trans,NA,4797
16,Trans,NA,4938
16,Trans,NA,5078
16,Trans,NA,5086
16,Trans,NA,5087
16,Trans,NA,5196
16,Trans,NA,5195
16,Trans,NA,5112
16,Trans,NA,5079
16,Trans,NA,4890
16,Trans,NA,4865
16,Trans,NA,4864
16,Trans,NA,4576
16,Trans,NA,4536
16,Trans,NA,4498
16,Trans,NA,4479
16,Trans,NA,4463
16,Trans,NA,4455
16,Trans,NA,4452
16,Trans,NA,4428
16,Trans,NA,4425
16,Trans,NA,4409
16,Trans,NA,4413
16,Trans,NA,4448
16,Trans,NA,4449
16,Trans,NA,4947
16,Trans,NA,5152
16,Trans,NA,5347
16,Trans,NA,5348
16,Trans,NA,6048
16,Trans,NA,6268
16,Trans,NA,6480
16,Trans,NA,6624
16,Trans,NA,6625
16,Trans,NA,6984
16,Trans,NA,6958
16,Trans,NA,6953
16,Trans,NA,6896
16,Trans,NA,6949
16,Trans,NA,7028
16,Trans,NA,7027
16,Trans,NA,7161
16,Trans,NA,7299
16,Trans,NA,7298
16,Trans,NA,7422
16,Trans,NA,7417
16,Trans,NA,7702
16,Trans,NA,7861
16,Trans,NA,7886
16,Trans,NA,7887
16,Trans,NA,7917
16,Trans,NA,7941
16,Trans,NA,8020
16,Trans,NA,8037
16,Trans,NA,8036
16,Trans,NA,8054
16,Trans,NA,8079
16,Trans,NA,8080
16,Trans,NA,8587
16,Trans,NA,8584
16,Trans,NA,9094
16,Trans,NA,9411
16,Trans,NA,9413
16,Trans,NA,9363
16,Trans,NA,9308
16,Trans,NA,9407
16,Trans,NA,9569
16,Trans,NA,9598
16,Trans,NA,9696
16,Trans,NA,9697
16,Trans,NA,9758
16,Trans,NA,9937
16,Trans,NA,9957
16,Trans,NA,10058
16,Trans,NA,10057
16,Trans,NA,10188
16,Trans,NA,10190
16,Trans,NA,10191
16,Trans,NA,10232
16,Trans,NA,10256
16,Trans,NA,10288
16,Trans,NA,10287
16,Trans,NA,10343
16,Trans,NA,10410
16,Trans,NA,10411
16,Trans,NA,10447
16,Trans,NA,10522
16,Trans,NA,10679
16,Trans,NA,10779
16,Trans,NA,10835
16,Trans,NA,10874
16,Trans,NA,10876
16,Trans,NA,10929
16,Trans,NA,10930
16,Trans,NA,10964
16,Trans,NA,10995
16,Trans,NA,11021
16,Trans,NA,11087
16,Trans,NA,11111
16,Trans,NA,11093
16,Trans,NA,11092
16,Trans,NA,11108
16,Trans,NA,11102
16,Trans,NA,11082
16,Trans,NA,11081
16,End,NA,11066
17,Taxi,NA,9347
17,Trans,NA,9343
17,Trans,NA,9336
17,Trans,NA,9301
17,Trans,NA,9277
17,Trans,NA,9241
17,Trans,NA,9240
17,Trans,NA,9211
17,Trans,NA,9049
17,Trans,NA,9051
17,Trans,NA,9004
17,Trans,NA,9021
17,Trans,NA,9022
17,Trans,NA,9011
17,Trans,NA,8913
17,Trans,NA,8863
17,Trans,NA,8800
17,Trans,NA,8754
17,Trans,NA,8756
17,Trans,NA,8655
17,Trans,NA,8657
17,Trans,NA,8627
17,Trans,NA,8628
17,Trans,NA,8585
17,Trans,NA,8584
17,Trans,NA,9094
17,Trans,NA,9411
17,Trans,NA,9413
17,Trans,NA,9363
17,Trans,NA,9308
17,Trans,NA,9407
17,Trans,NA,9569
17,Trans,NA,9598
17,Trans,NA,9696
17,Trans,NA,9697
17,Trans,NA,9758
17,Trans,NA,9947
17,Trans,NA,9992
17,Trans,NA,10077
17,Trans,NA,10078
17,Trans,NA,10070
17,Trans,NA,10103
17,Trans,NA,10174
17,Trans,NA,10244
17,Trans,NA,10300
17,Trans,NA,10301
17,Trans,NA,10327
17,Trans,NA,10349
17,Trans,NA,10391
17,Trans,NA,10439
17,Trans,NA,10438
17,Trans,NA,10504
17,Trans,NA,10489
17,Trans,NA,10488
17,Trans,NA,10531
17,Start,54,10531
17,Trans,NA,10488
17,Trans,NA,10489
17,Trans,NA,10504
17,Trans,NA,10438
17,Trans,NA,10439
17,Trans,NA,10391
17,Trans,NA,10349
17,Trans,NA,10327
17,Trans,NA,10301
17,Trans,NA,10300
17,Trans,NA,10244
17,Trans,NA,10174
17,Trans,NA,10103
17,Trans,NA,10070
17,Trans,NA,10078
17,Trans,NA,10077
17,Trans,NA,9992
17,Trans,NA,9947
17,Trans,NA,9758
17,Trans,NA,9697
17,Trans,NA,9696
17,Trans,NA,9598
17,Trans,NA,9569
17,Trans,NA,9407
17,Trans,NA,9308
17,Trans,NA,9363
17,Trans,NA,9413
17,Trans,NA,9411
17,Trans,NA,9094
17,Trans,NA,8584
17,Trans,NA,8587
17,Trans,NA,8080
17,Trans,NA,8079
17,Trans,NA,8054
17,Trans,NA,8036
17,Trans,NA,8037
17,Trans,NA,8020
17,Trans,NA,7941
17,Trans,NA,7917
17,Trans,NA,7887
17,Trans,NA,7886
17,Trans,NA,7861
17,Trans,NA,7702
17,Trans,NA,7417
17,Trans,NA,7422
17,Trans,NA,7298
17,Trans,NA,7299
17,Trans,NA,7161
17,Trans,NA,7027
17,Trans,NA,7028
17,Trans,NA,6949
17,Trans,NA,6896
17,Trans,NA,6953
17,Trans,NA,6958
17,Trans,NA,6984
17,Trans,NA,6625
17,Trans,NA,6624
17,Trans,NA,6480
17,Trans,NA,6268
17,Trans,NA,6048
17,Trans,NA,5348
17,Trans,NA,5347
17,Trans,NA,5152
17,Trans,NA,4947
17,Trans,NA,4538
17,Trans,NA,4362
17,Trans,NA,4235
17,Trans,NA,4173
17,Trans,NA,4155
17,Trans,NA,4025
17,Trans,NA,3804
17,Trans,NA,3640
17,Trans,NA,3491
17,Trans,NA,3385
17,Trans,NA,3314
17,Trans,NA,3001
17,Trans,NA,2887
17,Trans,NA,2576
17,Trans,NA,2523
17,Trans,NA,2484
17,Trans,NA,2455
17,Trans,NA,2489
17,Trans,NA,2465
17,Trans,NA,2463
17,Trans,NA,2458
17,Trans,NA,2312
17,Trans,NA,2311
17,Trans,NA,2256
17,Trans,NA,2252
17,Trans,NA,2277
17,Trans,NA,2278
17,Trans,NA,2177
17,Trans,NA,2145
17,Trans,NA,2143
17,Trans,NA,2048
17,Trans,NA,1978
17,Trans,NA,2025
17,Trans,NA,2024
17,Trans,NA,2078
17,Trans,NA,2007
17,Trans,NA,1934
17,Trans,NA,1924
17,Trans,NA,1906
17,Trans,NA,1907
17,Trans,NA,1746
17,Trans,NA,1745
17,Trans,NA,1681
17,Trans,NA,1631
17,Trans,NA,1565
17,Trans,NA,1605
17,Trans,NA,1574
17,Trans,NA,1454
17,End,NA,1422
